File,Channel,Nuclei,x,y,z,Value,FWHM,SNR,NSNR,Label
/Volumes/AM/iAM425_20200609_001_calc/001.NM,Cy5,8,381.949612651769,323.143386085905,27.9430044878621,2.3876409777049,3.10356464448996,38.1842696103066,3.20102214650767,2
/Volumes/AM/iAM425_20200609_001_calc/001.NM,Cy5,10,432.59748891058,189.901946643962,23.1762261524044,1.70084701341921,2.64173483464712,28.7148058893951,2.7289899768697,2
/Volumes/AM/iAM425_20200609_001_calc/001.NM,Cy5,12,573.857728133061,265.23446622161,29.4132652527159,1.87908390150778,2.80290048083281,35.325399956149,2.79727793696275,2
/Volumes/AM/iAM425_20200609_001_calc/001.NM,Cy5,13,208.947682346083,475.627153042838,20.9253656952203,1.92327585910425,2.33100139583027,30.1634047009773,2.86451612903226,2
/Volumes/AM/iAM425_20200609_001_calc/001.NM,Cy5,14,693.782065239216,253.925739841971,29.8473863113021,1.11053534735947,3.00822406467139,20.748774206655,2.00695364238411,2
/Volumes/AM/iAM425_20200609_001_calc/001.NM,Cy5,16,741.335426337555,386.504896593998,22.647178433197,2.91005527031348,2.4463640419824,29.9983478016125,4.06531986531987,2
/Volumes/AM/iAM425_20200609_001_calc/001.NM,Cy5,18,792.824820370325,377.737342540105,21.3811121010751,2.2208589581769,2.69673604374421,48.022019888023,2.92465052846914,2
/Volumes/AM/iAM425_20200609_001_calc/001.NM,Cy5,19,379.550563516579,418.367542291651,23.0914111782237,1.10535790567587,2.98931250599035,14.9311192029417,1.78483184625944,2
/Volumes/AM/iAM425_20200609_001_calc/001.NM,Cy5,20,522.318182854538,444.705313916858,21.5134129884223,2.68622680401677,3.04169300562657,29.4279743857987,3.05665181413113,2
/Volumes/AM/iAM425_20200609_001_calc/001.NM,Cy5,26,418.605080740721,533.389747661563,20.7672694723042,2.2678341524861,2.42324694562667,42.6731697364394,2.82922655715264,2
/Volumes/AM/iAM425_20200609_001_calc/001.NM,Cy5,28,419.337464402989,628.971436517205,17.1455732860366,1.454570771421,2.56409586519979,24.1103916390173,2.19898819561551,2
/Volumes/AM/iAM425_20200609_001_calc/001.NM,Cy5,30,341.005250772058,687.160341253518,16.5537266799174,2.55036754753655,2.50357479176834,43.1445869279868,3.60592334494774,2
/Volumes/AM/iAM425_20200609_001_calc/001.NM,Cy5,35,715.953215693903,770.166041695152,20.0880792426221,1.47054299735964,2.32026245047822,42.4368366609892,2.6569416498994,2
/Volumes/AM/iAM425_20200609_001_calc/001.NM,Cy5,38,659.952136900063,845.440338441982,17.3521641804757,1.08809703611792,2.87361040867484,15.0664088333705,1.8583946722748,2
/Volumes/AM/iAM425_20200609_001_calc/001.NM,Cy5,41,769.999260492705,886.170278522076,18.1997812058836,0.939482957228165,2.35243104600828,23.4021876504336,1.85761809713906,2
/Volumes/AM/iAM425_20200609_001_calc/001.NM,Cy5,42,519.165922520055,944.484948757247,31.8238154468622,1.29971257774287,2.56606376489727,20.7221530054635,2.0371370695476,2
/Volumes/AM/iAM425_20200609_001_calc/001.NM,Cy5,42,517.547137345594,931.825530255615,18.8947043455185,1.13605762810448,2.79093426719392,15.0526193736343,1.7288993923025,2
/Volumes/AM/iAM425_20200609_001_calc/001.NM,tmr,8,382.157071429977,322.108269062335,28.7881734611743,0.830769914587108,2.36228317802259,13.4127851543209,1.22545516419942,2
/Volumes/AM/iAM425_20200609_001_calc/001.NM,tmr,10,433.055837659133,188.543167818416,23.5493689127072,0.775649164658716,2.35500584765059,11.4874244978864,1.29822595704949,2
/Volumes/AM/iAM425_20200609_001_calc/001.NM,tmr,12,574.144500399937,264.269059924358,29.7310019631294,0.799669246801841,2.79211369043727,10.8891279645101,1.2590405904059,2
/Volumes/AM/iAM425_20200609_001_calc/001.NM,tmr,13,208.676357042234,475.186657309544,21.3392769116832,0.877559716515862,2.02851550060273,11.4437554808998,1.31359724612737,2
/Volumes/AM/iAM425_20200609_001_calc/001.NM,tmr,14,696,253,30,0.505032134734847,1.92303375765692,7.81983753779991,1.16002117148906,0
/Volumes/AM/iAM425_20200609_001_calc/001.NM,tmr,16,742.05415581769,385.27837128371,23.3866961968688,1.34068516549723,2.99734247000828,19.2682845131466,1.5275069637883,2
/Volumes/AM/iAM425_20200609_001_calc/001.NM,tmr,18,793.701845513015,377.010583592816,21.7066282005186,1.03954390463878,2.25591274216975,15.3594326473395,1.5130388027601,2
/Volumes/AM/iAM425_20200609_001_calc/001.NM,tmr,19,379.908704491501,417.390549216363,24.1518505652368,0.708816058219327,3.04390772502632,7.78391495034255,1.21530035940442,0
/Volumes/AM/iAM425_20200609_001_calc/001.NM,tmr,20,523,444,23,0.638695061927592,1.61108479249216,10.4770855074068,1.25879273679045,0
/Volumes/AM/iAM425_20200609_001_calc/001.NM,tmr,26,419,533,22,0.690293850355374,2.30957317038403,11.9309340466401,1.20047090480996,2
/Volumes/AM/iAM425_20200609_001_calc/001.NM,tmr,28,420.550633669725,629.094683464766,17.3336706004027,0.713426029673428,2.35181770936443,6.46264678418215,1.27351279494849,2
/Volumes/AM/iAM425_20200609_001_calc/001.NM,tmr,30,341.29123679566,686.904216312109,16.9989998807417,1.88619672888308,2.42972535879535,32.2377611220107,1.87895652173913,2
/Volumes/AM/iAM425_20200609_001_calc/001.NM,tmr,35,717.076044306142,770.27682049636,21.1907976249632,0.576046576503813,1.91203404545745,6.14209694835905,1.26263008514664,0
/Volumes/AM/iAM425_20200609_001_calc/001.NM,tmr,38,660.530499454183,845.420123614976,18.1315313906713,0.583018270619959,2.12521691549678,8.71422470297745,1.20413870246085,0
/Volumes/AM/iAM425_20200609_001_calc/001.NM,tmr,41,773.009158867268,883.551321094926,27.3901678532441,0.666684146493026,1.88929757052012,12.5257568583825,1.29455769590425,2
/Volumes/AM/iAM425_20200609_001_calc/001.NM,tmr,42,517.862636376665,931.834515737956,19.102261847705,0.994503430192708,2.27395883455312,10.9329402247879,1.50845045365593,2
/Volumes/AM/iAM425_20200609_001_calc/001.NM,tmr,42,520.030724396956,944.845207779557,32.5548780795281,0.661144719044842,2.76962119088305,8.85326268126989,1.24070450097847,2
/Volumes/AM/iAM425_20200609_001_calc/001.NM,tmrfret,8,381.792962180507,323.747015936781,28.0014429272283,0.628655345292827,1.75615858790112,6.43085605902627,1.09659090909091,2
/Volumes/AM/iAM425_20200609_001_calc/001.NM,tmrfret,10,432.533931425425,190.359597043492,23.3016365211632,0.367682291357596,1.98320775875768,5.26949706643787,0.992588671254632,0
/Volumes/AM/iAM425_20200609_001_calc/001.NM,tmrfret,12,574.10451147338,265.8398269982,28.7576108514985,10000000,4.21498241782849,6.15260012427591,-1,0
/Volumes/AM/iAM425_20200609_001_calc/001.NM,tmrfret,13,209,476,21,0.591704094450051,3.55496976824038,9.29541631107284,1.13800322061192,2
/Volumes/AM/iAM425_20200609_001_calc/001.NM,tmrfret,14,695,254,30,0.355840923052256,3.16327711958366,3.59310470913791,1.0395885286783,0
/Volumes/AM/iAM425_20200609_001_calc/001.NM,tmrfret,16,741.71080012945,386.834135541282,22.4587053930905,0.851301708153187,2.71362680373043,9.80585721480083,1.18071539657854,2
/Volumes/AM/iAM425_20200609_001_calc/001.NM,tmrfret,18,792.684477450706,378.343146307895,20.6378096772452,0.913654459296595,1.77197050595273,16.9922229983856,1.24553359683794,2
/Volumes/AM/iAM425_20200609_001_calc/001.NM,tmrfret,19,380,419,22,0.39092198050821,1.84797777520776,5.46930690735023,1.00575539568345,0
/Volumes/AM/iAM425_20200609_001_calc/001.NM,tmrfret,20,522.200870751238,445.010467926667,20.0124222011612,0.586704463639762,2.6097953915961,8.43123429683228,1.08730393607576,2
/Volumes/AM/iAM425_20200609_001_calc/001.NM,tmrfret,26,418.653029135915,533.68928139686,20.4651211769291,0.561625300566902,2.5952067342508,6.92664601027615,1.05981161695447,2
/Volumes/AM/iAM425_20200609_001_calc/001.NM,tmrfret,28,420,630,17,0.392628952695759,4.17984108166362,4.86593921343744,1.02266769468003,0
/Volumes/AM/iAM425_20200609_001_calc/001.NM,tmrfret,30,341.142503182996,687.495363696376,15.8478832063279,0.914085936126867,2.32783258151651,15.1948153843435,1.30918669739875,2
/Volumes/AM/iAM425_20200609_001_calc/001.NM,tmrfret,35,716,770,19,0.521500388505501,1.97860292659575,4.6994923510052,1.1382772293934,2
/Volumes/AM/iAM425_20200609_001_calc/001.NM,tmrfret,38,660,846,17,0.34055131025616,1.07257449945082,3.51377892257654,1.08759124087591,0
/Volumes/AM/iAM425_20200609_001_calc/001.NM,tmrfret,41,770,887,18,0.33854801250709,2.11315508465621,3.50258196821685,1.01766372271288,0
/Volumes/AM/iAM425_20200609_001_calc/001.NM,tmrfret,42,519.771228412579,944.809805842255,31.9523104497518,0.367049821110868,1.62050946770272,4.45995224465576,1.11962276637988,0
/Volumes/AM/iAM425_20200609_001_calc/001.NM,tmrfret,42,517.655419655344,932.570532855179,17.7889034878051,0.40161873655461,1.28904159384165,4.82397814237901,1.12954996690933,0
/Volumes/AM/iAM425_20200609_001_calc/002.NM,Cy5,8,167.131735525235,332.361085283707,26.2430349989759,0.761591451395589,3.8836683510199,10.6145721301539,1.63811252268603,0
/Volumes/AM/iAM425_20200609_001_calc/002.NM,Cy5,10,899.13852340706,321.16174408416,24.2420219077971,2.92357755314288,2.56558316740469,39.2365854778048,4.01454293628809,2
/Volumes/AM/iAM425_20200609_001_calc/002.NM,Cy5,10,914.371883734114,325.019168991568,23.1865785076278,2.89661231799528,2.53450036681424,38.120865877289,3.88919667590028,2
/Volumes/AM/iAM425_20200609_001_calc/002.NM,Cy5,10,902.770260523963,331.53561761904,25.2153590485054,1.31964903297285,2.64758368083644,24.231413080366,2.19148199445983,2
/Volumes/AM/iAM425_20200609_001_calc/002.NM,Cy5,10,912.040693504092,321.400926927655,22.1960967059739,1.29988781319116,2.34089669596033,3.62146812871143,2.54778393351801,2
/Volumes/AM/iAM425_20200609_001_calc/002.NM,Cy5,12,87.6308970918354,357.395200326038,24.0456847710651,1.28091706957912,2.54529608319475,11.4844651748446,2.24567356633865,2
/Volumes/AM/iAM425_20200609_001_calc/002.NM,Cy5,16,523.717918660958,445.79684435478,23.0597930186612,10000000,2.67466186780511,44.1796028683369,3.03495356099739,0
/Volumes/AM/iAM425_20200609_001_calc/002.NM,Cy5,17,332.816169055506,381.617787934689,20.5139120624545,1.88543524096622,2.78524802133747,17.4692054586679,2.70519578313253,2
/Volumes/AM/iAM425_20200609_001_calc/002.NM,Cy5,20,523.717424736192,445.79677291555,23.0597436072764,2.32248102686708,2.77999159136942,47.9095490680505,3.18127208480565,2
/Volumes/AM/iAM425_20200609_001_calc/002.NM,Cy5,22,392.398625481652,503.700783386618,21.7521802804567,1.51699249833018,2.22758035334555,36.2470587264493,2.56877729257642,2
/Volumes/AM/iAM425_20200609_001_calc/002.NM,Cy5,29,646.233927005699,616.3696059138,29.6033491261711,1.74929246425381,2.74680188766719,25.991822724805,2.2991559862457,2
/Volumes/AM/iAM425_20200609_001_calc/002.NM,Cy5,31,664.026153399976,634.042191857383,20.4060011725094,0.973029628523818,2.5667570926599,19.3104588216775,1.78486596538853,2
/Volumes/AM/iAM425_20200609_001_calc/002.NM,Cy5,33,568.104785328066,712.061442651336,41.3960690271411,1.36341653763611,3.45423424267217,19.9986223293627,1.98987341772152,0
/Volumes/AM/iAM425_20200609_001_calc/002.NM,Cy5,35,503.544017204453,753.19479641423,26.2225932500445,1.5180392952625,2.6526565117647,14.6164160648543,2.3050173869846,2
/Volumes/AM/iAM425_20200609_001_calc/002.NM,Cy5,39,478.95679566523,799.177953234931,22.7015265097146,1.92879656207288,3.04033089015939,44.5302820180949,2.63771790808241,2
/Volumes/AM/iAM425_20200609_001_calc/002.NM,Cy5,43,620.763685251195,830.822121414867,24.1209421321149,2.39613743733935,2.6533203125,39.131648805907,3.36139427819796,2
/Volumes/AM/iAM425_20200609_001_calc/002.NM,Cy5,46,432.4567364828,958.624945299682,21.9535686892169,1.36581022669907,2.95169600016371,23.551876876553,2.14900554287577,2
/Volumes/AM/iAM425_20200609_001_calc/002.NM,Cy5,46,390.716703323825,944.995457837305,43.0995451261481,0.968069526729778,3.09403246158043,13.6517205958342,1.75252689925008,2
/Volumes/AM/iAM425_20200609_001_calc/002.NM,tmr,8,167.98463714339,331.31873238904,26.9575029922544,0.697197014308131,2.35243290768221,11.0644310276089,1.4367619047619,2
/Volumes/AM/iAM425_20200609_001_calc/002.NM,tmr,10,900.981424894008,320.160481312805,24.7437928108926,1.11708358816213,2.69695290427619,18.1783328421513,1.6375755051031,2
/Volumes/AM/iAM425_20200609_001_calc/002.NM,tmr,10,916.272420721436,324.198154327991,23.6878544643548,0.810569494658466,2.72813871621767,13.5038571380246,1.3980420745678,2
/Volumes/AM/iAM425_20200609_001_calc/002.NM,tmr,10,913.786014977917,320.687432280795,22.8900056503693,0.669823236098637,2.49183396690423,5.02038792398538,1.39866694438659,2
/Volumes/AM/iAM425_20200609_001_calc/002.NM,tmr,10,904.635485403204,330.812785892474,25.8059274555676,0.521809262580064,2.12049611312318,6.62012078058754,1.2195375963341,0
/Volumes/AM/iAM425_20200609_001_calc/002.NM,tmr,12,88.2871417001013,357.166896683407,24.1672740760856,0.692356040175127,2.11321249446876,9.0427363939703,1.24566473988439,2
/Volumes/AM/iAM425_20200609_001_calc/002.NM,tmr,16,524.244614182089,445.020378929499,23.4253476897954,10000000,2.43853900241154,10.7421566590206,1.39304478855346,0
/Volumes/AM/iAM425_20200609_001_calc/002.NM,tmr,17,333.342201776152,380.828294773522,21.3796367914887,1.0272423710876,2.20411945202381,15.6340906761638,1.46611721611722,2
/Volumes/AM/iAM425_20200609_001_calc/002.NM,tmr,20,524.244614182089,445.020378929499,23.4253476897954,1.03965516042717,2.42766544920589,10.9281551569667,1.40649819494585,2
/Volumes/AM/iAM425_20200609_001_calc/002.NM,tmr,22,393.294475600327,502.969310709654,22.2356330054793,0.705575314567795,2.29826867900309,10.7532534575048,1.25945550886168,2
/Volumes/AM/iAM425_20200609_001_calc/002.NM,tmr,29,647.459365065924,615.697016963197,30.0116495161178,0.592697788117675,2.25185812902494,7.9332349471748,1.1523642732049,0
/Volumes/AM/iAM425_20200609_001_calc/002.NM,tmr,31,665.447193636151,633.707395040904,20.8003866878883,0.885818505386851,2.20018322110062,15.2420884183719,1.39393939393939,2
/Volumes/AM/iAM425_20200609_001_calc/002.NM,tmr,33,569.278797656649,711.541959697193,41.8329615359311,0.58975408611559,1.80467573725291,11.2874097373047,1.284748175832,0
/Volumes/AM/iAM425_20200609_001_calc/002.NM,tmr,35,504.315069847308,753.763833709395,26.9707310947887,0.732762941396686,2.14712443814091,11.2133994874632,1.32664201443916,2
/Volumes/AM/iAM425_20200609_001_calc/002.NM,tmr,39,479.989173383363,799.364018449933,23.6835167175182,0.780047133565404,3.00403144155938,9.9428717086003,1.23740648379052,2
/Volumes/AM/iAM425_20200609_001_calc/002.NM,tmr,43,621.960611371064,831.133749542173,25.0288182909147,1.3337146234162,1.95499463617203,17.2478977101951,1.86665437108078,2
/Volumes/AM/iAM425_20200609_001_calc/002.NM,tmr,46,392,945,43,0.419265867793001,3.4853927337331,3.38501197340109,1.06020301015051,0
/Volumes/AM/iAM425_20200609_001_calc/002.NM,tmr,46,433,959,22,0.408085035019667,3.18120030448374,3.35739173689415,1.03115155757788,0
/Volumes/AM/iAM425_20200609_001_calc/002.NM,tmrfret,8,167.354061432776,331.361836145454,24.0012537564465,1.31680962066866,1.86197721343213,4.69549768120313,1.21933441176629,0
/Volumes/AM/iAM425_20200609_001_calc/002.NM,tmrfret,10,899.243840861042,321.478975271901,23.8670943905084,1.02810352444385,2.18066436582676,18.3005140585729,1.43440178904212,2
/Volumes/AM/iAM425_20200609_001_calc/002.NM,tmrfret,10,914.45596103344,325.405700569294,22.6318954598559,0.826590176507125,2.40872790969816,8.71837532556409,1.32426388371226,2
/Volumes/AM/iAM425_20200609_001_calc/002.NM,tmrfret,10,912.222628583572,321.936463536894,21.7896619999186,0.412338027617807,3.11339020724796,2.31737472158181,1.13604174431606,2
/Volumes/AM/iAM425_20200609_001_calc/002.NM,tmrfret,10,903,332,25,0.340600285052005,4.0459701682381,3.75722120164766,0.966641818859486,0
/Volumes/AM/iAM425_20200609_001_calc/002.NM,tmrfret,12,88,358,24,0.372637121030493,3.82349037716976,3.45086155520757,1.12926912568306,0
/Volumes/AM/iAM425_20200609_001_calc/002.NM,tmrfret,16,523.610351814056,446.018939958762,22.6128562017492,10000000,2.90691079543996,10.056510317609,1.21471231165087,0
/Volumes/AM/iAM425_20200609_001_calc/002.NM,tmrfret,17,332.463148268536,381.958146491492,19.6942983840775,0.51156263950179,2.43867766675191,10.402246727417,1.16833910034602,2
/Volumes/AM/iAM425_20200609_001_calc/002.NM,tmrfret,20,523.610351814056,446.018939958762,22.6128562017492,0.665009460157762,3.1030038479922,10.9077786345284,1.21410621544647,2
/Volumes/AM/iAM425_20200609_001_calc/002.NM,tmrfret,22,392,505,22,0.480796298512359,1.80441049430854,7.58884175792923,1.04518595759472,2
/Volumes/AM/iAM425_20200609_001_calc/002.NM,tmrfret,29,646.149137992017,617.065972274725,29.4284493816054,0.508874012530214,2.29708021812797,6.53252773077316,1.12235144177155,2
/Volumes/AM/iAM425_20200609_001_calc/002.NM,tmrfret,31,664.074974566877,634.600774515882,19.7821733582552,0.401624461293068,2.24063543904486,5.41072384351562,1.03171320234402,0
/Volumes/AM/iAM425_20200609_001_calc/002.NM,tmrfret,33,568.197400220001,712.109785993316,40.6183899333041,0.362463555261456,4.08347379162982,4.66531090719736,1.15399578537851,0
/Volumes/AM/iAM425_20200609_001_calc/002.NM,tmrfret,35,504,754,26,0.475470792680426,1.98657431460706,6.25922228609986,1.28031163772115,2
/Volumes/AM/iAM425_20200609_001_calc/002.NM,tmrfret,39,478.903045806447,799.886041265062,22.122553207395,0.584394763452565,1.60400378263128,6.16242622306681,1.04590909090909,2
/Volumes/AM/iAM425_20200609_001_calc/002.NM,tmrfret,43,620.437754521783,831.198083223043,23.9864423371794,0.835372194644151,1.36273441834432,6.38965697373211,1.3907262755526,2
/Volumes/AM/iAM425_20200609_001_calc/002.NM,tmrfret,46,433,959,22,0.369477972360528,2.40762024233814,3.49994826041385,0.98761408083442,0
/Volumes/AM/iAM425_20200609_001_calc/002.NM,tmrfret,46,390,946,43,0.375553239311557,2.1078966548242,4.12892438361334,1.07235984354628,0
/Volumes/AM/iAM425_20200609_001_calc/003.NM,Cy5,2,661.805697473172,84.5467394954003,45.1591635771384,10000000,2.79351337473671,24.954603345298,2.30924494523914,0
/Volumes/AM/iAM425_20200609_001_calc/003.NM,Cy5,3,261.375288166613,143.803147085183,35.5353210298974,1.80484901118007,3.05120976759793,34.8267080453426,2.4095595126523,2
/Volumes/AM/iAM425_20200609_001_calc/003.NM,Cy5,3,244.594452437152,126.184727340157,21.555236813905,1.43113770440186,2.64657270102482,26.6461446602533,2.11184004998438,2
/Volumes/AM/iAM425_20200609_001_calc/003.NM,Cy5,4,151.071352225244,128.685314755458,22.8014577426348,2.53241755265299,2.73942010265951,22.6907763984596,3.21216617210683,2
/Volumes/AM/iAM425_20200609_001_calc/003.NM,Cy5,6,709.756488475341,151.62930318649,25.8154783677203,3.12300406573058,2.18503156502184,62.1953087193195,4.48749131341209,2
/Volumes/AM/iAM425_20200609_001_calc/003.NM,Cy5,8,396.697416366006,223.031394605794,23.9072517240104,2.02157289689148,2.97310700291695,27.3266534965216,2.76060411311054,2
/Volumes/AM/iAM425_20200609_001_calc/003.NM,Cy5,9,484.848144038516,263.936144714046,33.5385092497133,1.7949759470639,2.71855243141923,26.3348263469552,2.29053063617707,2
/Volumes/AM/iAM425_20200609_001_calc/003.NM,Cy5,10,260.305748041475,293.115824411232,31.6795259962292,2.9054421912133,2.42342811913463,39.2146919310043,3.75212557226946,2
/Volumes/AM/iAM425_20200609_001_calc/003.NM,Cy5,10,220.662702201135,208.003421651539,34.0533593002756,1.31806921269981,2.44916608191432,17.2103086164964,2.34238064094179,0
/Volumes/AM/iAM425_20200609_001_calc/003.NM,Cy5,22,266.441726134854,497.618864138767,32.8363995836918,1.5104327726749,2.50877821087791,26.8940504744281,2.21301775147929,0
/Volumes/AM/iAM425_20200609_001_calc/003.NM,Cy5,23,173.117899288291,495.137072643501,29.0109004702099,1.27539887031207,2.32857212016874,22.1284707537557,2.22643936957221,2
/Volumes/AM/iAM425_20200609_001_calc/003.NM,Cy5,23,94.7045971783822,549.174074320713,21.9649005765073,1.08476023789831,3.29929295276593,24.335875345662,1.78835638468961,2
/Volumes/AM/iAM425_20200609_001_calc/003.NM,Cy5,29,104.370709524836,631.723100925882,27.0440298396405,2.85014039069938,2.65783439374827,55.6136444818672,3.49090284929626,2
/Volumes/AM/iAM425_20200609_001_calc/003.NM,Cy5,30,856.462336990576,593.611305207253,22.154269993894,1.86768546214307,2.42258387487938,31.3846231606693,2.66619544089062,2
/Volumes/AM/iAM425_20200609_001_calc/003.NM,Cy5,34,194.81637386689,646.23038105421,20.5233956887539,1.69529448719322,2.70490086026906,23.7202084365988,2.21231155778894,2
/Volumes/AM/iAM425_20200609_001_calc/003.NM,Cy5,35,629.699887575243,661.638138103204,20.991227183212,2.58185747822154,2.86505741392706,31.6514446346448,2.92005466347796,2
/Volumes/AM/iAM425_20200609_001_calc/003.NM,Cy5,36,782.539253964619,630.757434073688,22.7466879001769,0.862777006192346,2.70596417961644,14.584281116768,1.52723097112861,2
/Volumes/AM/iAM425_20200609_001_calc/003.NM,Cy5,38,327.260692578593,653.282560720266,31.6451662674533,1.8558028809698,2.75915061835845,32.9410898468678,2.73870859819338,2
/Volumes/AM/iAM425_20200609_001_calc/003.NM,Cy5,40,24.6618450835457,698.281342332626,23.9979031139905,2.28630071866837,2.76171849979782,29.5374155110386,2.9646017699115,2
/Volumes/AM/iAM425_20200609_001_calc/003.NM,Cy5,41,773.549535196407,717.321696298768,41.4613212893498,1.00988313526568,4.45165677708588,10.9877462854672,1.6009295120062,2
/Volumes/AM/iAM425_20200609_001_calc/003.NM,Cy5,47,257.342167682762,840.220106173337,29.9916199145502,1.59973143374327,2.73619470549488,28.5700239658178,2.36353829557713,2
/Volumes/AM/iAM425_20200609_001_calc/003.NM,tmr,2,663.135157991981,83.0069483962043,45.6638987427174,10000000,2.2006449443924,10.8903584883952,1.28027202978084,0
/Volumes/AM/iAM425_20200609_001_calc/003.NM,tmr,3,245.003209468383,124.969638817928,22.0000033634273,0.91195049785847,2.06254846120805,14.9510916458065,1.47041847041847,2
/Volumes/AM/iAM425_20200609_001_calc/003.NM,tmr,3,262,142,35,0.734954232843847,2.80712690198337,8.33586112311032,1.2979797979798,2
/Volumes/AM/iAM425_20200609_001_calc/003.NM,tmr,4,151.187304180818,127.447596552015,23.4589737968322,1.21995078069995,2.59489716124516,9.34093535832234,1.41136556403732,2
/Volumes/AM/iAM425_20200609_001_calc/003.NM,tmr,6,710.872634254333,150.280915196439,26.1000835817623,1.03739825971843,2.24680893345111,18.4336176831807,1.49616217280063,2
/Volumes/AM/iAM425_20200609_001_calc/003.NM,tmr,8,397.444475145083,221.924660490925,24.3017006864126,1.28670133285732,2.91487990098343,12.0529931782258,1.45511096166779,2
/Volumes/AM/iAM425_20200609_001_calc/003.NM,tmr,9,485.600512417814,262.861975632169,34.0422318652082,0.770913100594043,2.3891728330793,10.0433219365145,1.39092356687898,2
/Volumes/AM/iAM425_20200609_001_calc/003.NM,tmr,10,260.785604140868,292.193126623537,31.923100325408,0.921391733922974,2.01733378557633,14.1504515665493,1.27870793167597,2
/Volumes/AM/iAM425_20200609_001_calc/003.NM,tmr,10,220.910789206888,206.401238317932,34.4822561146016,0.645484337487233,2.37147497787587,7.43391633003234,1.24319296465415,0
/Volumes/AM/iAM425_20200609_001_calc/003.NM,tmr,22,266.891223028278,497.242799656902,32.9143992460882,0.637104910345897,2.22008140981433,10.0408125147925,1.09092471639739,0
/Volumes/AM/iAM425_20200609_001_calc/003.NM,tmr,23,172.306509301372,494.119929380866,30.0330012376332,0.711851307993129,2.01927128864115,13.360215035409,1.24966009517335,2
/Volumes/AM/iAM425_20200609_001_calc/003.NM,tmr,23,94.960901894844,548.810392985831,22.7731415552348,0.705456748316919,2.39530046189716,8.85848294368753,1.25084976206662,2
/Volumes/AM/iAM425_20200609_001_calc/003.NM,tmr,27,296,562,20,0.688404733335119,1.9224186143901,9.59240417287519,1.15878851540616,2
/Volumes/AM/iAM425_20200609_001_calc/003.NM,tmr,29,104.468317273552,631.597301018157,27.4484401984834,1.26252017091474,2.58300262612699,22.7364676147193,1.48319941563185,2
/Volumes/AM/iAM425_20200609_001_calc/003.NM,tmr,30,857.887396790792,593.138128839454,22.8650209312434,0.438280788242082,1.37380575308196,10.0397005085376,1.26574408343361,0
/Volumes/AM/iAM425_20200609_001_calc/003.NM,tmr,34,195.468989904691,645.84102648441,20.1680940346274,0.666106520776339,2.1256811401553,13.786484924557,1.21109770808203,2
/Volumes/AM/iAM425_20200609_001_calc/003.NM,tmr,35,630.512364824423,661.355137940183,21.3165804921083,1.18546116510834,2.42345375648265,11.6511323112582,1.45022205773501,2
/Volumes/AM/iAM425_20200609_001_calc/003.NM,tmr,36,783.515994236332,630.401014356185,23.3695474769076,0.870440714139022,2.12599420197128,13.5828792588873,1.40427571661394,2
/Volumes/AM/iAM425_20200609_001_calc/003.NM,tmr,38,327.821980654034,652.930361207485,32.142040021758,0.709788006276085,2.33730160680227,10.6697972390154,1.29655172413793,2
/Volumes/AM/iAM425_20200609_001_calc/003.NM,tmr,40,24.5218183407569,698.54781631234,24.8628311510753,1.39578450470663,2.34951875709108,18.2597535890795,1.57818474542161,2
/Volumes/AM/iAM425_20200609_001_calc/003.NM,tmr,41,776,718,42,0.59585593487509,2.00464393459695,10.6260619445893,1.11102981525517,0
/Volumes/AM/iAM425_20200609_001_calc/003.NM,tmr,47,257.750778382392,840.086008795811,30.6821056557025,0.759854298239134,1.8797833351118,13.6696364458961,1.38683581540724,2
/Volumes/AM/iAM425_20200609_001_calc/003.NM,tmrfret,2,661.818661718797,85.3152468593345,43.9361980888709,0.441837865294019,2.12631124602574,8.60195944832568,1.15446880269815,0
/Volumes/AM/iAM425_20200609_001_calc/003.NM,tmrfret,3,261.188804318031,144.169323140255,36.128278239224,0.457045311864476,1.54960237827794,3.90253443979546,1.08260977424957,2
/Volumes/AM/iAM425_20200609_001_calc/003.NM,tmrfret,3,244.389386968212,126.564580133366,21.6440829429714,0.448871261396562,2.40005166362983,6.1499448277652,1.12180600347308,2
/Volumes/AM/iAM425_20200609_001_calc/003.NM,tmrfret,4,150.983562225343,128.814954391339,22.6045774300082,0.771166240250295,2.14839044414795,7.8509529055014,1.22602844471632,2
/Volumes/AM/iAM425_20200609_001_calc/003.NM,tmrfret,6,709.785706535983,152.121113782458,24.8664235920379,0.859729915790012,2.17217040787143,11.2927777166457,1.32695086705202,2
/Volumes/AM/iAM425_20200609_001_calc/003.NM,tmrfret,8,397,223,24,0.751673558213497,2.95355606132978,8.4469061346459,1.13605959258133,2
/Volumes/AM/iAM425_20200609_001_calc/003.NM,tmrfret,9,485,264,32,0.415719667205849,1.90759378147721,5.4374397207327,1.12565668039188,2
/Volumes/AM/iAM425_20200609_001_calc/003.NM,tmrfret,10,260.274991284669,293.591792466737,30.9957769561084,0.821319226121432,1.68629000058122,9.47596093973273,1.15784657617813,2
/Volumes/AM/iAM425_20200609_001_calc/003.NM,tmrfret,10,221,208,33,0.398443506381227,4.75102448724424,3.10572321353406,1.13283513802044,0
/Volumes/AM/iAM425_20200609_001_calc/003.NM,tmrfret,22,266.339149061177,498.356910589675,31.7347414855019,0.375794894135652,1.76371551755157,6.33261836276683,0.994462901439646,0
/Volumes/AM/iAM425_20200609_001_calc/003.NM,tmrfret,23,177,496,21,0.549829628879706,3.1320611967891,5.75506156545123,0.931217758324214,2
/Volumes/AM/iAM425_20200609_001_calc/003.NM,tmrfret,23,94.3209573850375,549.255125062498,21.9156084593654,0.412055612424865,2.56179100761366,4.00258152888638,1.0287634828826,2
/Volumes/AM/iAM425_20200609_001_calc/003.NM,tmrfret,29,104.118069895069,631.912583432763,26.0367128256224,0.779547440371971,2.46024383173683,9.60674366882364,1.20834747200543,2
/Volumes/AM/iAM425_20200609_001_calc/003.NM,tmrfret,30,856.143749677432,593.842371492267,21.9532994653486,0.373633301571317,1.65099732052702,6.93995840941313,1.15343915343915,0
/Volumes/AM/iAM425_20200609_001_calc/003.NM,tmrfret,34,195,647,20,0.368412232621722,1.77257239720932,6.95329362673961,1.04096538583677,0
/Volumes/AM/iAM425_20200609_001_calc/003.NM,tmrfret,35,629.259276334903,661.870023187271,20.3424287787927,0.722620907021792,2.91798317620392,7.47483136266455,1.09673115410274,2
/Volumes/AM/iAM425_20200609_001_calc/003.NM,tmrfret,36,783,631,23,0.390154168925164,1.56633827088599,7.90022415590717,1.05318428184282,0
/Volumes/AM/iAM425_20200609_001_calc/003.NM,tmrfret,38,327,654,32,0.443221148348584,1.88512771784028,11.0815276860483,1.14972425714051,2
/Volumes/AM/iAM425_20200609_001_calc/003.NM,tmrfret,40,24.6083554953868,699.420320455648,24.0995534284354,0.95815657110461,2.31564405683832,12.2716454425792,1.32422408744876,2
/Volumes/AM/iAM425_20200609_001_calc/003.NM,tmrfret,41,774,718,42,0.303404409979066,0.797711285564879,1.47511482451569,0.802247191011236,0
/Volumes/AM/iAM425_20200609_001_calc/003.NM,tmrfret,47,257.288438325382,840.459791754864,29.7205179331899,0.513038711438639,2.37392302175891,7.46359308216616,1.13325140449438,2
/Volumes/AM/iAM425_20200609_001_calc/004.NM,Cy5,1,729.741625354599,7.39641191438839,35.1248907708433,3.91988360452433,-1,16.6088114141805,-1,0
/Volumes/AM/iAM425_20200609_001_calc/004.NM,Cy5,1,736.549269943308,81.4489048515407,22.6004023043394,2.91988360452433,2.58851099744265,25.1318544670845,3.72389628591451,2
/Volumes/AM/iAM425_20200609_001_calc/004.NM,Cy5,6,842.977294907739,161.723259741707,30.2644762351259,0.901664571836136,2.56699038975196,18.8606341452881,1.86497575531518,2
/Volumes/AM/iAM425_20200609_001_calc/004.NM,Cy5,8,119.197913470591,259.112035580287,23.7421709037961,1.26201803532399,2.13624054382982,23.9348196927299,2.34826807228916,2
/Volumes/AM/iAM425_20200609_001_calc/004.NM,Cy5,12,301.752859769256,263.687008227071,22.1689511716808,3.05270208658612,2.4487002296913,43.0623225151304,4.34597981204316,2
/Volumes/AM/iAM425_20200609_001_calc/004.NM,Cy5,13,681.114991718476,322.026522602971,30.0673863197312,3.24615189045289,2.43810985915337,44.0697262287994,3.8253436138116,2
/Volumes/AM/iAM425_20200609_001_calc/004.NM,Cy5,14,711.669258010376,286.302280443787,33.0593246343902,1.84719103261978,2.55922621191507,27.7852659311019,2.70133779264214,2
/Volumes/AM/iAM425_20200609_001_calc/004.NM,Cy5,19,170.591757842551,365.037141951286,22.4804108601959,1.09428559162211,2.70199840317756,9.98680434973959,1.88419519300801,2
/Volumes/AM/iAM425_20200609_001_calc/004.NM,Cy5,20,770.055151426921,420.719818501329,29.1745249163371,1.79775064369369,2.4814453125,33.3722494249023,2.55584500162813,2
/Volumes/AM/iAM425_20200609_001_calc/004.NM,Cy5,23,71.5764266008206,465.001738808819,32.9399419646496,2.760594288221,2.67367554240867,41.4244576830598,3.24569855471438,2
/Volumes/AM/iAM425_20200609_001_calc/004.NM,Cy5,26,796.110636263128,487.331839416821,24.3587458699121,1.30245157823583,2.08397959752516,21.4107830771834,2.13198959687906,2
/Volumes/AM/iAM425_20200609_001_calc/004.NM,Cy5,32,152.237443179803,599.736892508339,31.4420402241442,1.99952456445271,3.23403019223952,20.6335341624226,2.58666666666667,2
/Volumes/AM/iAM425_20200609_001_calc/004.NM,Cy5,36,394.497036649824,633.711201563253,27.8950941774627,2.82633831354133,2.57230622146374,61.667453290355,3.29756418696511,2
/Volumes/AM/iAM425_20200609_001_calc/004.NM,Cy5,37,938.57231506737,697.260550671015,32.9002386090906,1.39484351291958,2.65341236493838,20.0716926695507,2.117742987606,2
/Volumes/AM/iAM425_20200609_001_calc/004.NM,Cy5,38,366.899436332336,680.315722959138,21.8918384270017,1.27037118138151,2.54455229010464,18.04870750164,2.00555555555556,2
/Volumes/AM/iAM425_20200609_001_calc/004.NM,Cy5,40,46.2134047692588,708.806506674231,23.0595183218358,1.23188350107512,2.36231395382266,16.5685837013741,2.10835058661146,0
/Volumes/AM/iAM425_20200609_001_calc/004.NM,Cy5,41,205.998680213296,714.534253970763,38.4104769920386,1.30959518656437,2.33530315313002,16.6413632358552,1.95217136150235,0
/Volumes/AM/iAM425_20200609_001_calc/004.NM,Cy5,44,11.8795771609891,725.829103124358,26.1964913438416,1.57938784179305,2.71786943838663,18.6986467029339,2.42518908253864,2
/Volumes/AM/iAM425_20200609_001_calc/004.NM,Cy5,45,870.591271305677,746.788956209124,35.386551787223,1.94357027603155,2.03023015543997,51.0036127200982,2.6890187634574,2
/Volumes/AM/iAM425_20200609_001_calc/004.NM,Cy5,46,198.271397032013,759.766320700829,28.7642430364124,1.07100560242475,2.47638345949716,20.4497175125636,1.98687943262411,2
/Volumes/AM/iAM425_20200609_001_calc/004.NM,Cy5,49,969.457162406214,809.487898106569,25.019836991381,1.11957315893642,2.49012387742739,15.2728564391578,1.90084033613445,0
/Volumes/AM/iAM425_20200609_001_calc/004.NM,Cy5,54,273.6215980384,928.230112568569,20.8151443514853,1.96908639041067,2.68077814690291,30.4384991605209,2.85881542699725,2
/Volumes/AM/iAM425_20200609_001_calc/004.NM,tmr,1,731,4,35.5887634867408,2.37999975073899,-1,NaN,-1,0
/Volumes/AM/iAM425_20200609_001_calc/004.NM,tmr,1,737.631771620072,80.0526973681939,22.9946105995214,1.37999975073899,2.30847379000306,14.1604030447254,1.67551512901429,2
/Volumes/AM/iAM425_20200609_001_calc/004.NM,tmr,6,844.33552567247,160.143190843392,30.5917155001279,0.574427723592635,1.87358936358673,11.1530593855643,1.24551863041289,0
/Volumes/AM/iAM425_20200609_001_calc/004.NM,tmr,8,119,258,25,0.614084324466603,2.24712272844953,8.90393791073839,1.18007662835249,0
/Volumes/AM/iAM425_20200609_001_calc/004.NM,tmr,12,302.256126303181,262.769808484486,22.9187544084184,2.22079414495875,2.4599609375,27.0365501336879,2.18918671667734,2
/Volumes/AM/iAM425_20200609_001_calc/004.NM,tmr,13,682.333088250608,321.036834489965,30.5627699245632,1.86735604115484,2.42765553179024,22.8136442226598,1.99080947331212,2
/Volumes/AM/iAM425_20200609_001_calc/004.NM,tmr,14,712.546623333472,285.361617481636,33.7260886847222,0.596569315887336,2.75582497646591,8.24694734317308,1.34908700322234,0
/Volumes/AM/iAM425_20200609_001_calc/004.NM,tmr,19,170.797745289347,364.016197413338,22.1601019887344,0.495155061970763,2.73355034156985,6.61759851489911,1.13799963827093,0
/Volumes/AM/iAM425_20200609_001_calc/004.NM,tmr,20,771.621092390035,420.167344568471,29.884513035995,0.496558980667942,1.46867381811041,17.4647815312423,1.16000716717434,0
/Volumes/AM/iAM425_20200609_001_calc/004.NM,tmr,23,71.7241665064531,464.552454667969,33.524719639526,1.3403320258808,3.15789670425162,12.644919437556,1.4252402990388,2
/Volumes/AM/iAM425_20200609_001_calc/004.NM,tmr,26,797.408571858562,486.598664202729,24.7647003981043,0.432898340826341,2.73070747382649,9.53961467855752,1.10671378091873,0
/Volumes/AM/iAM425_20200609_001_calc/004.NM,tmr,28,257,541,22,0.651211202510694,2.16352577121343,13.5137737889411,1.14874342489772,0
/Volumes/AM/iAM425_20200609_001_calc/004.NM,tmr,32,152.560323784696,599.365029724557,31.9525264099017,0.980329092474676,3.22412081914369,7.79670787624562,1.37232663642255,2
/Volumes/AM/iAM425_20200609_001_calc/004.NM,tmr,36,395.159671690308,633.542075912344,28.1733724695892,0.822711806564712,2.33067139829972,8.97818419240822,1.25854233294058,2
/Volumes/AM/iAM425_20200609_001_calc/004.NM,tmr,37,940.2973105285,697.043727765957,33.8272926597604,0.492151467950862,2.06604851409962,10.9870555710129,1.19324975891996,0
/Volumes/AM/iAM425_20200609_001_calc/004.NM,tmr,38,367.447879243915,680.164764095756,22.6343683870578,0.918168088086531,2.53617923805837,14.8377798787711,1.32485643970468,2
/Volumes/AM/iAM425_20200609_001_calc/004.NM,tmr,40,45.8413454701531,709.394326012564,24.1895384445534,0.604745158411333,2.51234917831404,9.75293431097653,1.32648361381754,0
/Volumes/AM/iAM425_20200609_001_calc/004.NM,tmr,41,206.701609517181,714.152430542789,38.3359262200276,0.628137193694783,2.0302734375,12.3823794634998,1.18004372267333,0
/Volumes/AM/iAM425_20200609_001_calc/004.NM,tmr,44,11.9506886061812,725.644950670329,26.7842371437197,0.868824773786855,1.94118291526107,11.5512913754081,1.50664034458004,2
/Volumes/AM/iAM425_20200609_001_calc/004.NM,tmr,45,872.35108914777,746.677316978435,36.1870668710688,0.798832036269687,2.28651266620535,11.7954578558864,1.39787193615808,2
/Volumes/AM/iAM425_20200609_001_calc/004.NM,tmr,46,198.323198157125,759.588748441462,29.1708943739702,0.590251950540278,2.35427720131579,11.0681866237542,1.08693379790941,0
/Volumes/AM/iAM425_20200609_001_calc/004.NM,tmr,49,970.734864727464,809.614147710597,26.2953633507009,0.469970716463195,1.77164920625865,5.35923455077202,1.21361457334612,0
/Volumes/AM/iAM425_20200609_001_calc/004.NM,tmr,54,274.063459244678,928.711831415976,21.9529951071757,0.736631981281334,2.65762913163306,8.27751311183582,1.32121771217712,2
/Volumes/AM/iAM425_20200609_001_calc/004.NM,tmrfret,1,729.533591721893,8.24875859197854,35.5497639290896,1.99391916519971,-1,3.2671018238532,-1,0
/Volumes/AM/iAM425_20200609_001_calc/004.NM,tmrfret,1,736.657568636224,81.8550510890045,22.0640885449373,0.993919165199713,1.90033104843648,9.92435980316905,1.38344283837057,2
/Volumes/AM/iAM425_20200609_001_calc/004.NM,tmrfret,6,843,162,30,0.313004350596202,1.68322163357049,4.68128437568183,1.05415499533147,0
/Volumes/AM/iAM425_20200609_001_calc/004.NM,tmrfret,8,118.983306122903,260.353806671969,23.0936051980844,0.352347145387284,2.06353863514312,4.0819489956807,1.07915963233915,0
/Volumes/AM/iAM425_20200609_001_calc/004.NM,tmrfret,12,301.526494583997,264.204431457599,21.8627083370633,0.974293841325107,2.92102839233568,12.6450472099238,1.42862234895741,2
/Volumes/AM/iAM425_20200609_001_calc/004.NM,tmrfret,13,681.108932790852,322.491165294749,29.6576958950778,1.0830851822102,2.94161300992254,7.38585488417337,1.30642799023596,2
/Volumes/AM/iAM425_20200609_001_calc/004.NM,tmrfret,14,711,287,32,0.488861960051963,2.09226075107116,16.0836934004394,1.33909531502423,2
/Volumes/AM/iAM425_20200609_001_calc/004.NM,tmrfret,19,170,365,22,0.364329380729032,1.23536125250961,8.17578464783019,1.12515337423313,2
/Volumes/AM/iAM425_20200609_001_calc/004.NM,tmrfret,20,769.570773469864,421.074725793229,28.9512487363419,0.454161873191879,2.57959164464688,11.151013312134,1.0118875502008,2
/Volumes/AM/iAM425_20200609_001_calc/004.NM,tmrfret,23,71.4968555206987,465.549590279979,32.4884612941694,0.762459604066407,1.93363098656156,8.84785445223333,1.13174796042354,2
/Volumes/AM/iAM425_20200609_001_calc/004.NM,tmrfret,26,795.660673499068,487.801599278266,23.858179736602,0.380126497956098,2.45676257250001,6.14164670258591,1.0975338106603,2
/Volumes/AM/iAM425_20200609_001_calc/004.NM,tmrfret,32,152,601,31,0.613876261144469,4.18774576337338,7.05208457799299,1.21175030599755,2
/Volumes/AM/iAM425_20200609_001_calc/004.NM,tmrfret,36,394,634,28,0.722758286722183,2.22353943531897,13.1504472911727,1.22662617867988,2
/Volumes/AM/iAM425_20200609_001_calc/004.NM,tmrfret,37,938.16257459328,697.797042618892,32.5711044757546,0.307339167507507,1.36125761827225,4.91348887175949,1.07476319350474,0
/Volumes/AM/iAM425_20200609_001_calc/004.NM,tmrfret,38,367,680,23,0.450172523444962,3.2373625901786,4.40045864711569,0.964568764568765,2
/Volumes/AM/iAM425_20200609_001_calc/004.NM,tmrfret,40,44.930207725612,709.736249668342,23.4518595922045,0.350938779381067,1.63279582668805,5.69350513948773,1.14386873920553,0
/Volumes/AM/iAM425_20200609_001_calc/004.NM,tmrfret,41,205.082672368108,715.064694064525,38.5144080606422,0.325647512563592,1.14928526731213,7.88071642675693,1.09254163649529,0
/Volumes/AM/iAM425_20200609_001_calc/004.NM,tmrfret,44,11.9557543687225,726.2284154358,26.1704666033989,0.559483466648089,2.77200370106418,7.62040634406892,1.208798762674,2
/Volumes/AM/iAM425_20200609_001_calc/004.NM,tmrfret,45,870.508191871546,747.332721830485,35.2229057601966,0.570283806262978,2.09230183523384,9.18521435146241,1.16447590158409,2
/Volumes/AM/iAM425_20200609_001_calc/004.NM,tmrfret,46,198,760,30,0.308149614189915,1.50339977516459,8.40537480268468,1.02931323283082,0
/Volumes/AM/iAM425_20200609_001_calc/004.NM,tmrfret,49,969,810,24,0.340213472822143,1.86008417604106,3.09942928112858,1.02365771812081,0
/Volumes/AM/iAM425_20200609_001_calc/004.NM,tmrfret,54,273.52010775101,928.662202319862,21.4815416637299,0.590309413046725,2.90137793470698,6.21036708443367,1.19084242532642,2
/Volumes/AM/iAM425_20200609_001_calc/005.NM,Cy5,2,809.864539898915,193.347011698358,34.4332471714316,2.37783634721836,2.62036818499033,42.3523895045701,3.43085714285714,2
/Volumes/AM/iAM425_20200609_001_calc/005.NM,Cy5,5,427.729696074702,218.813207121551,27.1706872280039,1.83357293017843,2.66578086376816,57.2593709310279,2.76167076167076,2
/Volumes/AM/iAM425_20200609_001_calc/005.NM,Cy5,5,421.966974766456,230.756402044463,31.3262094130532,1.35596891556133,2.33796985538924,28.8167641495807,2.32292032292032,2
/Volumes/AM/iAM425_20200609_001_calc/005.NM,Cy5,6,179.743405586098,245.509931689712,29.1201063630892,1.70213365534619,2.43628731766507,18.7110762181426,2.52049036777583,2
/Volumes/AM/iAM425_20200609_001_calc/005.NM,Cy5,8,961.550956976003,309.731511498373,30.6084625106593,1.66172479850229,3.12013200407285,35.5074505790465,2.28498827208757,2
/Volumes/AM/iAM425_20200609_001_calc/005.NM,Cy5,8,1007.41851206223,238.183662402043,30.8683439401482,1.29368506920969,2.35489874904551,16.6416926126158,2.27990617670055,2
/Volumes/AM/iAM425_20200609_001_calc/005.NM,Cy5,10,674.785699143123,390.785686265345,36.8600752330731,1.87437714748285,3.79686580751171,23.7950482905611,2.46474241870661,2
/Volumes/AM/iAM425_20200609_001_calc/005.NM,Cy5,10,742.211676677655,340.990644386301,25.7657326401209,1.36402653211417,2.75232277214193,21.4495066994134,2.38618925831202,2
/Volumes/AM/iAM425_20200609_001_calc/005.NM,Cy5,11,653.733813196057,280.433930521974,23.8364334003968,1.95883601044534,2.89388354390144,36.3208233400872,2.85057034220532,2
/Volumes/AM/iAM425_20200609_001_calc/005.NM,Cy5,14,568.77365158652,400.73147962933,28.3105235628283,3.89025744191167,3.07265627055638,44.2483596372318,4.68917018284107,2
/Volumes/AM/iAM425_20200609_001_calc/005.NM,Cy5,16,364.659058745108,435.939210220749,29.2203283057714,1.72809744004235,2.57440279598892,36.1080158941677,2.34303912647862,2
/Volumes/AM/iAM425_20200609_001_calc/005.NM,Cy5,16,331.564003723334,479.07058629907,38.0727985561727,1.08585156359732,3.26371113902059,15.7441888407502,1.69972702456779,2
/Volumes/AM/iAM425_20200609_001_calc/005.NM,Cy5,17,963.23968074704,521.870409435341,36.0271302065064,2.02922752333825,2.67348965131875,30.263014513024,3.37228915662651,2
/Volumes/AM/iAM425_20200609_001_calc/005.NM,Cy5,18,659.067650112317,517.714382857638,36.2428226023481,2.62046944736494,2.74827483717786,50.1183005499438,3.61339475549256,2
/Volumes/AM/iAM425_20200609_001_calc/005.NM,Cy5,24,102.096552352649,567.411769531735,30.288316478925,1.09386918532141,2.65251030769507,26.4006873698647,1.9833836858006,2
/Volumes/AM/iAM425_20200609_001_calc/005.NM,Cy5,33,316.092778220754,708.19245542815,40.5292256874549,1.18421525865506,2.88190928464258,21.8455890090241,2.04037831938887,2
/Volumes/AM/iAM425_20200609_001_calc/005.NM,Cy5,34,386.342308357273,668.222566955538,37.0757897274839,1.37892661282785,3.08652987690473,19.0022190014124,2.4515876127009,2
/Volumes/AM/iAM425_20200609_001_calc/005.NM,Cy5,36,591.357647889125,808.172282797593,31.7736979039294,1.47562123544139,2.67739390192984,19.5029333613086,2.53136382031566,2
/Volumes/AM/iAM425_20200609_001_calc/005.NM,Cy5,37,383.697399193875,747.396509362218,26.1794191987717,1.7773568446255,2.33366616123786,35.2124393558414,2.68365871294288,2
/Volumes/AM/iAM425_20200609_001_calc/005.NM,Cy5,38,273.02283330514,804.779520485895,26.0849395326951,4.90255872620764,2.8466796875,109.580795356876,5.56320621468927,2
/Volumes/AM/iAM425_20200609_001_calc/005.NM,Cy5,38,283.997012738493,807.18136807697,25.2064930852627,1.75614085059669,1.99803621082889,21.2429642999763,2.67443502824859,2
/Volumes/AM/iAM425_20200609_001_calc/005.NM,Cy5,40,169.898384195357,797.891246253098,27.3543466202036,1.43425004833307,2.58927470050366,40.0263508276436,2.7374195989406,2
/Volumes/AM/iAM425_20200609_001_calc/005.NM,Cy5,41,403.578706246372,811.815457107256,41.9468205444398,1.58564758150851,2.83121658959172,26.7386648148684,2.47686832740214,2
/Volumes/AM/iAM425_20200609_001_calc/005.NM,Cy5,45,129.341430075576,904.726227832607,28.1681858388245,2.79645006695,2.63679421768318,40.7889429905785,3.976697468863,2
/Volumes/AM/iAM425_20200609_001_calc/005.NM,tmr,2,811.202326485377,192.063405288647,34.9333029513591,0.598986824499661,3.31575807912369,8.38446312520614,1.13332028191073,0
/Volumes/AM/iAM425_20200609_001_calc/005.NM,tmr,5,428,217,28,0.661596185202143,4.00852884854849,7.14999367303107,1.19569056870364,2
/Volumes/AM/iAM425_20200609_001_calc/005.NM,tmr,5,422.633800633075,229.627338172948,31.9008204131942,0.651525989895617,2.18238945219777,11.1843167551189,1.11391734369481,2
/Volumes/AM/iAM425_20200609_001_calc/005.NM,tmr,6,179.800317397308,244.75454285659,29.2397464091084,0.760281374272836,2.29837512592583,7.20831885341654,1.28460877042132,2
/Volumes/AM/iAM425_20200609_001_calc/005.NM,tmr,8,963.243369298744,309.099397158007,31.3150074853399,0.778389003231041,2.6970232088678,9.35029696519648,1.41843670348343,2
/Volumes/AM/iAM425_20200609_001_calc/005.NM,tmr,8,1008.80968275648,236.8446792395,31.0397528950094,0.561672464006278,3.25475838532062,10.1296531070234,1.16588785046729,0
/Volumes/AM/iAM425_20200609_001_calc/005.NM,tmr,10,743.258496815359,340.148104420565,26.0015963102626,0.70022818742882,1.87983403709345,13.3241402375862,1.39628873992033,2
/Volumes/AM/iAM425_20200609_001_calc/005.NM,tmr,10,676,392,38,0.659050517107971,2.36010147695231,10.5278280434774,1.32672690177791,2
/Volumes/AM/iAM425_20200609_001_calc/005.NM,tmr,11,654.805579092037,280.223044577554,23.9514350213924,0.894990229904579,2.51384615814862,9.34592591808912,1.27980223402307,2
/Volumes/AM/iAM425_20200609_001_calc/005.NM,tmr,14,569.369351588591,400.113778527427,28.7987433888475,1.55199943426669,2.84102058638428,29.8058544366408,1.68732782369146,2
/Volumes/AM/iAM425_20200609_001_calc/005.NM,tmr,16,365.307203318144,435.84214059254,29.6644862537065,1.23099664957499,2.27104253438369,16.407599809155,1.41692420897719,2
/Volumes/AM/iAM425_20200609_001_calc/005.NM,tmr,16,332,479,39,0.477857721755754,3.09644076678785,4.71752853752646,1.06033848417954,0
/Volumes/AM/iAM425_20200609_001_calc/005.NM,tmr,17,964.829534048224,521.642089590294,36.4181481166895,0.839379817328336,2.98945201363557,11.7868058351585,1.27116804168476,2
/Volumes/AM/iAM425_20200609_001_calc/005.NM,tmr,18,660.126295839767,517.048062786306,36.5764778518331,0.770861962255367,1.6865234375,11.8367087362135,1.48597122302158,2
/Volumes/AM/iAM425_20200609_001_calc/005.NM,tmr,24,102.271880493889,566.935848532338,30.4689796743573,0.645621418078008,2.99465535737825,7.19071794374697,1.05800464037123,0
/Volumes/AM/iAM425_20200609_001_calc/005.NM,tmr,33,317,708,42,0.548154958328269,1.7707859916534,12.715205595368,1.1749075008409,0
/Volumes/AM/iAM425_20200609_001_calc/005.NM,tmr,34,386.78821314004,668.170175591492,37.4607551781379,0.69098812433549,2.59837352959182,7.23838769966911,1.19281867145422,2
/Volumes/AM/iAM425_20200609_001_calc/005.NM,tmr,36,592.475244022691,808.481921046953,31.9792005179946,0.559656397070739,3.48610234668959,5.65277056656147,1.14480712166172,0
/Volumes/AM/iAM425_20200609_001_calc/005.NM,tmr,37,384.330730536246,747.338578665918,26.5466393099062,1.07472606008832,2.93335760178566,12.3051126216607,1.33235090152566,2
/Volumes/AM/iAM425_20200609_001_calc/005.NM,tmr,38,273.191156152099,804.758973773073,26.4269324490251,1.27126905823161,2.29678787312458,19.1872737174767,1.60808553291012,2
/Volumes/AM/iAM425_20200609_001_calc/005.NM,tmr,38,284.61628530153,807.000905662812,25.811587957474,0.835465895514062,3.02492816284023,6.97179798316424,1.19027731373204,2
/Volumes/AM/iAM425_20200609_001_calc/005.NM,tmr,40,170.395194905611,798.049370170086,28.6065221050891,0.71486929199591,1.90941583340051,11.0579993974227,1.32400430570506,2
/Volumes/AM/iAM425_20200609_001_calc/005.NM,tmr,41,404,812,43,0.625970485133621,3.12915472403774,10.0257155023509,1.13936385364957,0
/Volumes/AM/iAM425_20200609_001_calc/005.NM,tmr,45,129.777582893974,905.093312764756,28.8606003233595,0.495935610980268,2.58804105338577,8.67350137139464,1.16308446455505,0
/Volumes/AM/iAM425_20200609_001_calc/005.NM,tmrfret,2,809.699657112347,193.532398183641,33.7392670536499,0.651261539783718,2.72712731259125,5.6277325049019,1.20950083503433,2
/Volumes/AM/iAM425_20200609_001_calc/005.NM,tmrfret,5,428,218,28,0.384842156330706,3.60832615744539,7.54053429490109,1.02444722569879,2
/Volumes/AM/iAM425_20200609_001_calc/005.NM,tmrfret,5,421,231,31,0.35883496397355,1.72896882189842,7.17836535062618,1.053483521068,2
/Volumes/AM/iAM425_20200609_001_calc/005.NM,tmrfret,6,179.197426630669,246.085420693453,28.8431980727609,0.482498356733686,2.43796059243992,4.80848823469179,1.1542875881292,2
/Volumes/AM/iAM425_20200609_001_calc/005.NM,tmrfret,8,961.522678769017,310.575523631461,31.2842756621054,0.528483214764947,1.96293766322724,7.33891024689476,1.18788591590709,2
/Volumes/AM/iAM425_20200609_001_calc/005.NM,tmrfret,8,1007,238,31,0.284666154780098,2.48360330128682,3.60331675518564,0.92757032245418,0
/Volumes/AM/iAM425_20200609_001_calc/005.NM,tmrfret,10,741.561496384928,341.094673807111,25.5989001534158,0.507062650933221,2.47044319606473,8.92027379009899,1.16987645348837,2
/Volumes/AM/iAM425_20200609_001_calc/005.NM,tmrfret,10,674.213521858613,390.861728921793,36.130458385942,0.390797938252035,3.18614595336295,8.22758421709419,1.09556686046512,2
/Volumes/AM/iAM425_20200609_001_calc/005.NM,tmrfret,11,653.751160285477,281.272439085554,23.7456764666893,0.609086194108386,2.99069745240705,8.19217324913913,1.06263982102908,2
/Volumes/AM/iAM425_20200609_001_calc/005.NM,tmrfret,14,568.447567541814,401.056032675591,28.0400717119679,1.12921206823921,2.58873560256074,8.82324660481461,1.43920874879382,2
/Volumes/AM/iAM425_20200609_001_calc/005.NM,tmrfret,16,365.127383222211,437.02143883735,28.7952895173679,0.645299806801177,2.22341732179843,11.450144295813,1.21249659678737,2
/Volumes/AM/iAM425_20200609_001_calc/005.NM,tmrfret,16,332,479,38,0.408263460035869,2.04034667542069,4.95039156799055,1.01579090661585,2
/Volumes/AM/iAM425_20200609_001_calc/005.NM,tmrfret,17,962.893988990494,522.5566942466,35.7079663354001,0.597520860039822,2.64226743248341,7.68296392472946,1.20028409090909,2
/Volumes/AM/iAM425_20200609_001_calc/005.NM,tmrfret,18,658.952015978074,517.943462314959,36.479480510179,0.846472243241351,2.43757656435909,8.70144797422624,1.25295508274232,2
/Volumes/AM/iAM425_20200609_001_calc/005.NM,tmrfret,24,101.854423402997,567.118332696178,30.5409830590001,0.414604916043572,2.32913736547845,3.70172572778901,0.934668989547038,2
/Volumes/AM/iAM425_20200609_001_calc/005.NM,tmrfret,33,316,709,40,0.37804536498561,2.77232452535191,3.37401006095352,0.965108834827145,2
/Volumes/AM/iAM425_20200609_001_calc/005.NM,tmrfret,34,386,669,37,0.513078682244668,2.6461399313885,6.30526152272128,1.17750653879686,2
/Volumes/AM/iAM425_20200609_001_calc/005.NM,tmrfret,36,591,808,31,0.494114427622662,1.7644793863751,3.37780050288645,1.05142857142857,2
/Volumes/AM/iAM425_20200609_001_calc/005.NM,tmrfret,37,383.844403157041,747.726152742804,25.6605104427607,0.66976621392314,2.44110545447128,12.9322717889816,1.21899159663866,2
/Volumes/AM/iAM425_20200609_001_calc/005.NM,tmrfret,38,272.577489355196,805.305868257923,25.7675773780554,1.2907459786079,3.14273392344346,14.0976417133468,1.45438497953944,2
/Volumes/AM/iAM425_20200609_001_calc/005.NM,tmrfret,38,283.337712036801,807.415850769465,24.1044454241884,0.482668166181611,1.73825845973677,7.1431209084332,1.08256439059616,2
/Volumes/AM/iAM425_20200609_001_calc/005.NM,tmrfret,40,169.374523984287,798.199804527207,26.8868351470359,0.462849430867664,2.30713371107464,7.82145240791117,1.15070175438597,2
/Volumes/AM/iAM425_20200609_001_calc/005.NM,tmrfret,41,403,812,42,0.503231921035876,2.84815336958827,5.58868364825388,1.07927702219041,2
/Volumes/AM/iAM425_20200609_001_calc/005.NM,tmrfret,45,129.05303893628,904.988536136756,27.3881202075356,0.583628609790139,1.96518816590201,8.72679804802196,1.22773029439696,2
/Volumes/AM/iAM425_20200609_001_calc/006.NM,Cy5,1,813.721224678472,199.196071533847,28.3755496434977,5.03376499001479,2.61205165972786,87.7289450064549,5.45101295250747,2
/Volumes/AM/iAM425_20200609_001_calc/006.NM,Cy5,11,192.838986323905,209.850774506221,30.1730745555838,0.974608204997821,2.14846270561264,20.389138840478,1.9943918682089,0
/Volumes/AM/iAM425_20200609_001_calc/006.NM,Cy5,12,397.155146093005,227.151977199616,25.0485575949577,1.22364389384916,3.07833057252244,25.085542831953,2.18669871794872,2
/Volumes/AM/iAM425_20200609_001_calc/006.NM,Cy5,19,235.384921092381,332.727208187262,29.4957109122963,3.95013079294768,2.53326413547805,84.8392729072074,5.44540540540541,2
/Volumes/AM/iAM425_20200609_001_calc/006.NM,Cy5,22,376.107725071626,307.490806798641,32.7612281602924,1.13899080468332,2.35410564039503,24.2679233189973,2.34099920697859,2
/Volumes/AM/iAM425_20200609_001_calc/006.NM,Cy5,22,472.624453991677,322.020465999421,38.5302248519417,1.06029957688497,2.48056363888451,23.1562860361963,2.07652656621729,2
/Volumes/AM/iAM425_20200609_001_calc/006.NM,Cy5,38,170.843682502083,646.117155941126,23.6185734853835,2.37661942171599,2.79246147263619,64.3202705104847,3.94586233565352,2
/Volumes/AM/iAM425_20200609_001_calc/006.NM,Cy5,38,130.025367437926,502.951603777536,35.2375837314428,1.79418596229516,2.75643867069031,18.7165623710586,2.74555297757154,2
/Volumes/AM/iAM425_20200609_001_calc/006.NM,Cy5,43,261.114015686591,572.409446119097,38.019361860319,10000000,2.59968111308774,15.8941603763617,1.77072869894234,0
/Volumes/AM/iAM425_20200609_001_calc/006.NM,Cy5,61,447.270886455953,961.552387780365,28.8604349614171,1.05861817997447,2.3579595582807,10.4982982353278,2.02328244274809,2
/Volumes/AM/iAM425_20200609_001_calc/006.NM,Cy5,62,629.662336603948,991.080557551808,32.136263494318,2.61668918959595,2.67461680818487,44.1610809887238,3.35359301544661,2
/Volumes/AM/iAM425_20200609_001_calc/006.NM,Cy5,63,593.063861792258,975.161095704787,33.7845160749468,1.74994377391658,2.69721703546719,35.1765694375262,2.71137136380808,2
/Volumes/AM/iAM425_20200609_001_calc/006.NM,tmr,1,814.878387337675,198.032037530134,28.8955977419215,2.24515999113328,2.60084315314702,37.8614788990144,1.98302521008403,2
/Volumes/AM/iAM425_20200609_001_calc/006.NM,tmr,11,193.090262979323,208.707191317914,31.187815618518,0.586338427533974,1.91151939554625,7.2911800409188,1.21587088096839,0
/Volumes/AM/iAM425_20200609_001_calc/006.NM,tmr,12,397.977853416102,226.313547039362,25.6398955492925,0.951125898635382,2.74070606389174,15.4417059958499,1.41330607693737,2
/Volumes/AM/iAM425_20200609_001_calc/006.NM,tmr,19,235.74551672976,332.0567640628,29.9603726168018,1.32469013220452,2.34176160351365,15.0966580197583,1.69987656497972,2
/Volumes/AM/iAM425_20200609_001_calc/006.NM,tmr,22,377,306,34,0.570941011312243,2.27704993739715,8.27812584421619,1.21244950422328,0
/Volumes/AM/iAM425_20200609_001_calc/006.NM,tmr,22,473.569289827609,321.179224462208,39.3196342656976,0.496863384822063,1.59909616193168,10.1195838610832,1.10668380462725,0
/Volumes/AM/iAM425_20200609_001_calc/006.NM,tmr,38,130.163400176339,502.605354159789,35.5974754935995,1.09406939181417,2.59745974760198,12.0263078171012,1.41499724315383,2
/Volumes/AM/iAM425_20200609_001_calc/006.NM,tmr,38,171.209365059234,645.854865699277,24.0879367899047,0.620694768964768,2.13184786019673,11.8589425163331,1.14280463150156,2
/Volumes/AM/iAM425_20200609_001_calc/006.NM,tmr,43,265.390325312244,570.31005650768,24.7264612171023,10000000,2.39551548720314,13.3270519570832,-1,0
/Volumes/AM/iAM425_20200609_001_calc/006.NM,tmr,61,447.539223025826,961.994128603394,29.4919239879572,0.699968299211832,2.62973384495229,10.0095819977454,1.29854592306276,0
/Volumes/AM/iAM425_20200609_001_calc/006.NM,tmr,62,630.752487012711,991.77256421233,32.7854491970647,1.41195746427093,2.53216596165726,24.3764359127987,1.6569250317662,2
/Volumes/AM/iAM425_20200609_001_calc/006.NM,tmr,63,595,976,35,0.929027544728797,2.7998296450408,12.2694441193909,1.31129476584022,2
/Volumes/AM/iAM425_20200609_001_calc/006.NM,tmrfret,1,813.346813960851,199.571224753166,28.0389460595515,1.54978027896595,2.77728378387045,13.5706198842731,1.26761200784432,2
/Volumes/AM/iAM425_20200609_001_calc/006.NM,tmrfret,11,193.002049341717,209.000920217732,0.157172055682677,10000000,6.72192948669934,0.472081107141421,0.977520099450093,0
/Volumes/AM/iAM425_20200609_001_calc/006.NM,tmrfret,12,396.695414405708,227.546540077523,24.3318560514401,0.541222433203529,2.67247418504548,9.41427059431219,1.04047158191096,2
/Volumes/AM/iAM425_20200609_001_calc/006.NM,tmrfret,19,235.310377635826,333.148010969684,29.5035362240227,1.13440054370722,2.62100421235207,14.3426242048522,1.43282594308405,2
/Volumes/AM/iAM425_20200609_001_calc/006.NM,tmrfret,22,473,322,38,0.362650652222783,1.4716796875,8.70946491829417,0.954859910065721,2
/Volumes/AM/iAM425_20200609_001_calc/006.NM,tmrfret,22,377,308,33,0.358911102908678,3.32822213658212,3.37822511717041,1.10013836042892,2
/Volumes/AM/iAM425_20200609_001_calc/006.NM,tmrfret,38,170.451967574931,646.59867830413,23.2580015390816,0.824362143041071,2.95859713642949,9.18305399728665,1.17909395381632,2
/Volumes/AM/iAM425_20200609_001_calc/006.NM,tmrfret,38,129.795498131184,503.350609136669,34.9982896875116,0.652158776309079,3.04105542273457,5.44151136509349,1.20888418826018,2
/Volumes/AM/iAM425_20200609_001_calc/006.NM,tmrfret,43,264.032897949219,571.281005859375,23,10000000,8.6473684931386,2.48951027063785,-1,0
/Volumes/AM/iAM425_20200609_001_calc/006.NM,tmrfret,61,447,962,28,0.277617767657375,4.00744158859885,2.90748765758285,1.05789473684211,0
/Volumes/AM/iAM425_20200609_001_calc/006.NM,tmrfret,62,629.242738999394,991.60639227341,31.6059303300122,0.843174488447403,3.35663239712534,6.72536538189758,1.16505340453939,2
/Volumes/AM/iAM425_20200609_001_calc/006.NM,tmrfret,63,593.156893527996,975.814153360029,33.1182678794786,0.487882224719215,3.50062548061699,11.6885092239283,1.08421592073796,2
/Volumes/AM/iAM425_20200609_001_calc/007.NM,Cy5,14,90.6758803113128,336.292225014827,17.8611365946133,2.15118948874851,2.73479724382295,54.8387414615604,3.11596443757248,2
/Volumes/AM/iAM425_20200609_001_calc/007.NM,Cy5,18,541.313510871596,316.447085500351,42.7635270411198,1.85391791472466,2.8581119770896,24.0996257628703,2.64264061973729,2
/Volumes/AM/iAM425_20200609_001_calc/007.NM,Cy5,18,558.500675049814,332.145947912708,26.9253153410106,1.38469237877462,2.01302746374918,31.8852115571654,2.51566183900303,2
/Volumes/AM/iAM425_20200609_001_calc/007.NM,Cy5,26,190.257134032337,517.701759939647,39.8817525946765,1.75744585053417,2.73598215011219,17.8397653025564,2.62837089028445,2
/Volumes/AM/iAM425_20200609_001_calc/007.NM,Cy5,27,696.403090889348,483.823717046834,28.8136946739756,5.6053520603964,2.6258307846913,96.8068216570502,7.27055651839014,2
/Volumes/AM/iAM425_20200609_001_calc/007.NM,Cy5,34,239.997514947778,688.021704601836,41.0905973556982,1.0060355022797,3.10051802078927,14.0042122240974,1.6458469587966,2
/Volumes/AM/iAM425_20200609_001_calc/007.NM,Cy5,35,656.993441676122,629.925711936297,17.413579436927,1.38032791023033,2.75630161023349,25.9808680811177,2.39043977055449,2
/Volumes/AM/iAM425_20200609_001_calc/007.NM,Cy5,38,185.787188177824,798.163265041979,25.5058943453245,2.41172246599308,2.94555458837848,30.6406257913634,3.27658839779006,2
/Volumes/AM/iAM425_20200609_001_calc/007.NM,Cy5,39,98.0516779985475,740.309098847342,19.3327041575262,1.83784470628098,2.64729532769548,30.5321856077659,2.69834781127576,2
/Volumes/AM/iAM425_20200609_001_calc/007.NM,Cy5,39,109.137507762493,735.621113199412,33.1476029830158,1.69061931120496,2.55623306473822,21.4464395735017,2.53381025378981,2
/Volumes/AM/iAM425_20200609_001_calc/007.NM,Cy5,49,496.911372622168,925.675023767376,25.2269055396942,2.33134427701816,2.61009928360442,37.6950481575025,3.29270127915726,2
/Volumes/AM/iAM425_20200609_001_calc/007.NM,Cy5,51,918.288227273088,959.344409500483,27.6770135378227,1.20192936989406,2.99396464670154,17.7599642073953,2.12689173457509,2
/Volumes/AM/iAM425_20200609_001_calc/007.NM,tmr,14,90.7539228106904,335.393790779299,18.3436282591693,1.05883887509617,3.91614534042565,15.8841517469206,1.40916001520334,2
/Volumes/AM/iAM425_20200609_001_calc/007.NM,tmr,18,559.160323931659,330.96179837025,27.290960462832,0.461624278524596,1.64234998836968,11.2430943128097,1.30571822252842,0
/Volumes/AM/iAM425_20200609_001_calc/007.NM,tmr,18,542,316,44,0.569935256507961,1.6220675072344,12.0675609563461,1.32053048570444,0
/Volumes/AM/iAM425_20200609_001_calc/007.NM,tmr,26,190,517,40,0.856786107280641,2.700911999756,12.2919637532593,1.23373580825374,2
/Volumes/AM/iAM425_20200609_001_calc/007.NM,tmr,27,697.494452295386,483.186848479847,29.43677437922,1.93678562246259,3.00544352777608,23.7087162910008,1.91748142354321,2
/Volumes/AM/iAM425_20200609_001_calc/007.NM,tmr,34,239.150289394509,688.375284235089,15.6376893341939,0.804797962131488,1.75679142548198,15.0112850285894,1.37884130982368,2
/Volumes/AM/iAM425_20200609_001_calc/007.NM,tmr,35,657.840150026782,629.602779036394,17.8331189289694,1.07279500060486,2.71476458578339,14.4107289624789,1.3519197376037,2
/Volumes/AM/iAM425_20200609_001_calc/007.NM,tmr,38,186.129415141029,798.069403114551,26.5108853379175,0.680854240397821,2.57682133652468,10.9039858062741,1.37255927475593,2
/Volumes/AM/iAM425_20200609_001_calc/007.NM,tmr,39,99.071389512902,739.504763035028,20.1488909791843,0.888439881315207,2.88781158219359,6.50886487396637,1.29589971271873,2
/Volumes/AM/iAM425_20200609_001_calc/007.NM,tmr,39,109.537763118362,735.612256827814,33.8570752473322,0.796826041859276,2.4759728658438,13.1003033020984,1.26438582745713,2
/Volumes/AM/iAM425_20200609_001_calc/007.NM,tmr,49,497.612979671109,926.238729839608,25.9309990536401,1.00581608676021,2.28777235695824,16.7014050599849,1.44234112420321,2
/Volumes/AM/iAM425_20200609_001_calc/007.NM,tmr,51,919.636078751702,959.368447788308,28.0526875863087,0.753543232584889,1.82210327539259,19.8483022611579,1.44855875831486,2
/Volumes/AM/iAM425_20200609_001_calc/007.NM,tmrfret,14,90.8204040673321,336.760432604182,17.4065590678859,0.643092831334798,4.07342150249958,5.53516886620622,1.15851569933397,2
/Volumes/AM/iAM425_20200609_001_calc/007.NM,tmrfret,18,541.173708902819,316.603052287545,42.0737535499094,0.436704404608918,1.39615090541436,7.07557117599292,1.26071311743539,2
/Volumes/AM/iAM425_20200609_001_calc/007.NM,tmrfret,18,559.158873402823,332.419635141245,26.6606424907934,0.326905758772227,1.5643645535855,1.70692547097929,1.0657507360157,0
/Volumes/AM/iAM425_20200609_001_calc/007.NM,tmrfret,26,190,518,40,0.52143225856662,1.83576778800819,4.43864937919903,1.08316867253458,2
/Volumes/AM/iAM425_20200609_001_calc/007.NM,tmrfret,27,696.235760400591,484.28871880768,28.7695549647126,1.58478670880413,2.56479693847081,15.1868018424391,1.86002282236592,2
/Volumes/AM/iAM425_20200609_001_calc/007.NM,tmrfret,34,240,688,42,0.36983116070769,1.43737477078821,8.1248020396208,1.03340901719105,2
/Volumes/AM/iAM425_20200609_001_calc/007.NM,tmrfret,35,656.727663085087,630.187715732957,16.9246141199878,0.442847296568289,2.97599885938252,6.72093645665546,1.01030541502717,2
/Volumes/AM/iAM425_20200609_001_calc/007.NM,tmrfret,38,186,798,24,0.498702458917705,2.12591069812447,11.5365074248634,1.27041430290528,2
/Volumes/AM/iAM425_20200609_001_calc/007.NM,tmrfret,39,98.0402012512584,740.55337621551,18.6388420815702,0.535227530140673,1.79039528692178,7.49229523895533,1.19005872840242,2
/Volumes/AM/iAM425_20200609_001_calc/007.NM,tmrfret,39,108.874272940079,736.215663680786,33.6509477301733,0.451587497982473,2.21413118487973,5.81625656466133,1.13167078049196,2
/Volumes/AM/iAM425_20200609_001_calc/007.NM,tmrfret,49,496.832041462797,926.318969747881,25.8818566239204,0.700522576737058,2.16484120697261,12.4861577741686,1.35557212076034,2
/Volumes/AM/iAM425_20200609_001_calc/007.NM,tmrfret,51,918,959,26,0.337563209846849,2.82944221159133,4.54038280151674,1.08993399339934,0
/Volumes/AM/iAM425_20200609_001_calc/008.NM,Cy5,1,359.340708531779,35.1909259400754,19.8751192515536,2.30570040316479,2.53444240069272,27.5104925286702,3.55183673469388,2
/Volumes/AM/iAM425_20200609_001_calc/008.NM,Cy5,1,364.48730505918,29.4019062752044,24.2316212077812,1.4184828184475,2.75388782445237,22.1926655360835,2.59387755102041,2
/Volumes/AM/iAM425_20200609_001_calc/008.NM,Cy5,4,578.017411208184,75.4103332700209,20.3607630096134,1.60266336908853,2.93240344169296,29.1044118817773,2.40553684998129,2
/Volumes/AM/iAM425_20200609_001_calc/008.NM,Cy5,11,367.156726094024,140.291084771558,35.9389951243336,2.02619945941842,2.93227545275063,28.8192507559924,3.32738095238095,2
/Volumes/AM/iAM425_20200609_001_calc/008.NM,Cy5,15,689.374663650096,313.569635808744,26.361489169282,2.50893720571185,2.56911354318816,27.861583761366,3.5839469808542,2
/Volumes/AM/iAM425_20200609_001_calc/008.NM,Cy5,23,369.144251630306,450.474140118934,23.1144389623973,3.57559351612281,2.40491660938786,54.8369319344549,4.17775634844102,2
/Volumes/AM/iAM425_20200609_001_calc/008.NM,Cy5,28,383.659614221678,541.019750117169,28.0379622825159,2.40708377957844,3.30473627839855,57.3778194468632,3.00669144981413,2
/Volumes/AM/iAM425_20200609_001_calc/008.NM,Cy5,30,538.887989171707,598.91940032507,20.9111369596202,2.48291818932648,2.41645020096952,59.5579510597212,4.14330097087379,2
/Volumes/AM/iAM425_20200609_001_calc/008.NM,Cy5,33,98.8933699309014,648.084014636666,20.8563594835092,1.44559295970089,2.72819926847837,36.7814432537661,2.59465922678358,2
/Volumes/AM/iAM425_20200609_001_calc/008.NM,Cy5,42,564.166787942523,719.249661195733,40.9750675728647,1.13546860593942,3.10727285724753,19.494429831461,2.18359853121175,2
/Volumes/AM/iAM425_20200609_001_calc/008.NM,Cy5,46,371.524893565666,724.744405262459,24.0529257344299,1.44359728755944,3.14150943691395,19.5753217392246,2.21439811172305,2
/Volumes/AM/iAM425_20200609_001_calc/008.NM,Cy5,48,663.879665467726,771.827147798664,34.9517054498075,1.29343521124792,2.46816748201166,32.1425085027531,2.58842188739096,2
/Volumes/AM/iAM425_20200609_001_calc/008.NM,Cy5,58,323.096625190451,928.691560405476,24.5869490991679,1.92850836299021,2.22263767089483,65.0596093044304,3.7627340008707,2
/Volumes/AM/iAM425_20200609_001_calc/008.NM,tmr,1,360.16524419241,33.4059641568015,20.5031729237667,0.895939739110418,2.48250118285768,15.4944369204247,1.26412512218964,2
/Volumes/AM/iAM425_20200609_001_calc/008.NM,tmr,1,364.877024009853,27.6279248010007,24.6553009840352,0.695482300589447,2.87462931094495,8.48942980530724,1.22346041055718,2
/Volumes/AM/iAM425_20200609_001_calc/008.NM,tmr,4,579,74,21,0.622578776609316,2.27620057791775,6.60999228261819,1.26190013600155,2
/Volumes/AM/iAM425_20200609_001_calc/008.NM,tmr,11,367.862038242567,139.017591983983,36.0336846306,1.12858552587204,3.31837073787272,10.347471043718,1.36460348162476,2
/Volumes/AM/iAM425_20200609_001_calc/008.NM,tmr,15,690.884394990672,313.000558342189,26.558036720552,0.797704079549476,2.91525466123384,12.0338665273951,1.35273641462,2
/Volumes/AM/iAM425_20200609_001_calc/008.NM,tmr,23,369.636857314748,450.083175742727,23.4466491983181,1.69019482793192,2.887593124817,18.5190021043686,1.65263839430236,2
/Volumes/AM/iAM425_20200609_001_calc/008.NM,tmr,28,384.368194160582,541.007856203424,28.5244223673793,1.25069159254281,2.6409908040726,18.3906537725109,1.4272324471711,2
/Volumes/AM/iAM425_20200609_001_calc/008.NM,tmr,30,539.623725963799,598.676594605282,21.3832376329836,1.23869066179486,2.67574715826016,20.6985464516439,1.32967221554831,2
/Volumes/AM/iAM425_20200609_001_calc/008.NM,tmr,33,98.9786170167103,647.903811671105,21.3762989839588,1.44675803654718,2.50294836759534,30.0583191948627,1.70628549050323,2
/Volumes/AM/iAM425_20200609_001_calc/008.NM,tmr,42,565.067828189198,719.304053989164,41.6908029065974,0.661227112598226,2.9448920744518,9.99168172854553,1.29432416617905,2
/Volumes/AM/iAM425_20200609_001_calc/008.NM,tmr,46,372.014574499686,724.819440940904,24.5192588984913,1.05973550486488,2.37898577477101,11.7904382050406,1.45945444423826,2
/Volumes/AM/iAM425_20200609_001_calc/008.NM,tmr,48,665.186897427746,772.132899025268,35.3711279822239,0.750462636411612,1.65358174629784,9.92010135555489,1.32079207920792,2
/Volumes/AM/iAM425_20200609_001_calc/008.NM,tmr,58,323.750839583291,929.1945756223,25.2114358858931,1.09773169741902,2.40290149754716,12.1206719028377,1.42585630743525,2
/Volumes/AM/iAM425_20200609_001_calc/008.NM,tmrfret,1,359,35,20,0.837547943468053,3.14203485145275,12.8384482860255,1.252506498329,2
/Volumes/AM/iAM425_20200609_001_calc/008.NM,tmrfret,1,364.428616681739,29.4583489935746,23.3062516803007,0.52228501280797,2.94885114057283,11.4685982491734,1.10750092833271,2
/Volumes/AM/iAM425_20200609_001_calc/008.NM,tmrfret,4,577.572052561466,75.8750288342471,20.0643705501482,0.469309298332973,1.91371084592936,8.35596156242581,1.21793948126801,2
/Volumes/AM/iAM425_20200609_001_calc/008.NM,tmrfret,11,367.110293710123,140.781166341036,35.207277151522,0.62052155970332,2.80920042441546,8.37176115679351,1.12590711175617,2
/Volumes/AM/iAM425_20200609_001_calc/008.NM,tmrfret,15,689.084527306068,313.89889129141,25.5807277000286,0.717013449794649,2.13732978019593,10.4819252518278,1.32072197153766,2
/Volumes/AM/iAM425_20200609_001_calc/008.NM,tmrfret,23,368.859901984657,450.594043017736,22.5138405947076,1.10866226038934,2.45283911684958,12.1000246149788,1.39819205690575,2
/Volumes/AM/iAM425_20200609_001_calc/008.NM,tmrfret,28,383.658021415905,541.597442577277,27.794901890302,0.708161581947934,3.75721551873593,10.6811613053706,0.960918114143921,2
/Volumes/AM/iAM425_20200609_001_calc/008.NM,tmrfret,30,538.346630806866,599.126971891303,20.1548788889871,0.776161066876284,2.25491478806578,12.7018846352366,1.03623973981725,0
/Volumes/AM/iAM425_20200609_001_calc/008.NM,tmrfret,33,99,649,21,0.575535810589827,3.3063373810906,11.1580028877834,1.08611007113441,2
/Volumes/AM/iAM425_20200609_001_calc/008.NM,tmrfret,42,563.952269003807,719.651097649491,40.3593960889241,0.519889704337857,1.81294566144946,6.09117089506499,1.20372715759001,2
/Volumes/AM/iAM425_20200609_001_calc/008.NM,tmrfret,46,371,726,24,0.522198624533758,3.14441246275276,6.53805028061714,1.15279460114207,2
/Volumes/AM/iAM425_20200609_001_calc/008.NM,tmrfret,48,663.413666456276,772.285241016189,34.929998359234,0.391454163961043,1.92063714282125,4.4941339062664,1.08066581306018,2
/Volumes/AM/iAM425_20200609_001_calc/008.NM,tmrfret,58,323.146891602487,928.894211551065,24.1387900435789,0.654283620015576,2.14839653747294,10.5365251456928,1.21943765281174,2
/Volumes/AM/iAM425_20200609_001_calc/009.NM,Cy5,7,665.321867325656,264.324687397278,28.5366475303307,2.05539386087366,2.44136361180439,37.362919825468,3.341472303207,2
/Volumes/AM/iAM425_20200609_001_calc/009.NM,Cy5,12,718.830319098056,354.327105562771,21.4749820621364,2.10246052135381,2.66301519411089,43.3329965768979,2.84182590233546,2
/Volumes/AM/iAM425_20200609_001_calc/009.NM,Cy5,13,868.299465938978,341.695317774536,24.4146365204403,3.81705652496476,2.92158537941754,55.2875601792575,4.42932330827068,2
/Volumes/AM/iAM425_20200609_001_calc/009.NM,Cy5,16,767.128645457442,380.717398405749,27.3531839394014,2.32249837567861,2.76626186966416,29.2773048330076,3.27515015015015,2
/Volumes/AM/iAM425_20200609_001_calc/009.NM,Cy5,19,228.017582913773,638.939711805547,20.8087427316666,6.07015281004442,2.68476469738592,104.726132468633,6.97956493078444,2
/Volumes/AM/iAM425_20200609_001_calc/009.NM,Cy5,19,96.8045194108985,438.111274119301,27.4650214670977,2.5767302888612,2.53529795363733,47.1359622805581,3.37244561634806,2
/Volumes/AM/iAM425_20200609_001_calc/009.NM,Cy5,19,111.714812734676,550.24953144289,25.3171127163047,1.80800427900704,2.69343119516665,35.7536690411949,2.53328938694792,2
/Volumes/AM/iAM425_20200609_001_calc/009.NM,Cy5,19,162.530775679438,521.391820088754,38.8019217496388,1.16592869947635,2.19067950371333,17.3034308028186,2.04746209624258,2
/Volumes/AM/iAM425_20200609_001_calc/009.NM,Cy5,24,630.276817546094,562.093557213992,24.9778594294792,1.73313582254332,3.55741286388574,36.9486629424035,2.59060869565217,2
/Volumes/AM/iAM425_20200609_001_calc/009.NM,Cy5,32,380.585876284135,706.072241147758,21.5784034162354,1.76169070317246,2.58233473156627,41.6856111924122,2.3643583227446,2
/Volumes/AM/iAM425_20200609_001_calc/009.NM,Cy5,38,125.372052415085,873.046469841761,21.6303730917206,0.911029196383197,2.49846557097559,18.8127276342801,1.82638146167558,2
/Volumes/AM/iAM425_20200609_001_calc/009.NM,Cy5,43,599.40892132487,944.063859849815,22.304487143509,2.23340790978591,2.57837459678291,46.6185138837947,2.7655380702591,2
/Volumes/AM/iAM425_20200609_001_calc/009.NM,tmr,12,719.956972918917,353.858584976425,21.6482785027479,0.744422224367554,2.0087890625,15.3104850591911,1.5125659601109,2
/Volumes/AM/iAM425_20200609_001_calc/009.NM,tmr,13,869.528890082691,340.777298158258,24.6739787025806,1.70793153155,2.8677514470375,19.747115592644,1.69022265246854,2
/Volumes/AM/iAM425_20200609_001_calc/009.NM,tmr,16,768.333509882,379.863064985174,28.0552335643683,1.01882384762666,2.46942367528537,16.3826995484537,1.69235159817352,2
/Volumes/AM/iAM425_20200609_001_calc/009.NM,tmr,19,228.48774420116,638.724903851746,21.1921709348639,2.72841986235471,2.43292655382868,32.220654298608,2.24448767833982,2
/Volumes/AM/iAM425_20200609_001_calc/009.NM,tmr,19,96.9109285690364,437.565608863827,27.5085408185277,1.05977472267796,2.53262900200975,15.0703158320485,1.29101815823606,2
/Volumes/AM/iAM425_20200609_001_calc/009.NM,tmr,19,162.994820156641,521.205604274277,39.3594473136024,0.778017420162541,2.92043868428275,8.68278769534139,1.27918287937743,2
/Volumes/AM/iAM425_20200609_001_calc/009.NM,tmr,19,111.863568629425,550.161461625882,26.3055658687219,0.756549492550221,2.92032365750579,9.28132702951063,1.25535019455253,2
/Volumes/AM/iAM425_20200609_001_calc/009.NM,tmr,24,631.127337703414,560.643994003447,25.7387650341912,0.737937706164303,2.91194371207459,8.34549548855376,1.26566852367688,2
/Volumes/AM/iAM425_20200609_001_calc/009.NM,tmr,32,380.874797593175,705.974302687361,22.1728519761721,0.744730035077282,2.20491314049337,11.6364068702284,1.23381915060335,2
/Volumes/AM/iAM425_20200609_001_calc/009.NM,tmr,38,125.150176001737,873.335896150042,22.7224666607169,0.712699721124864,2.6811549917877,7.13698964873608,1.33916458407712,2
/Volumes/AM/iAM425_20200609_001_calc/009.NM,tmr,43,600.478017000695,944.89076072166,23.0988114365646,0.899587509789399,2.66959853216724,11.9094873200856,1.21853268428373,2
/Volumes/AM/iAM425_20200609_001_calc/009.NM,tmrfret,12,719.022192103104,354.830374358752,20.9600603790735,0.573190681011511,3.7061938000862,7.57016413833865,1.19946940805837,2
/Volumes/AM/iAM425_20200609_001_calc/009.NM,tmrfret,13,867.843756188517,341.983237130547,23.9869118008737,1.30224187016711,2.70725566264974,17.6081491542703,1.46456834532374,2
/Volumes/AM/iAM425_20200609_001_calc/009.NM,tmrfret,16,767.203758528564,380.684143775615,27.3121616715504,0.718959254930724,2.73590287217185,5.43526347661396,1.37419470293486,2
/Volumes/AM/iAM425_20200609_001_calc/009.NM,tmrfret,19,227.985479284819,639.067218948085,20.648256572658,1.64174399078274,2.20809006905317,32.5972965529704,1.88914620966497,2
/Volumes/AM/iAM425_20200609_001_calc/009.NM,tmrfret,19,97.4432687008084,438.550086108915,26.7705215631215,0.709600673381374,2.69170388027534,7.45729883187985,1.03396634244249,2
/Volumes/AM/iAM425_20200609_001_calc/009.NM,tmrfret,19,111.456930925576,550.701221335845,25.6474364348297,0.534547439826838,1.70200097319251,7.41134739106236,1.19561525397561,2
/Volumes/AM/iAM425_20200609_001_calc/009.NM,tmrfret,19,163,522,37,0.35664630034762,2.03059972316385,7.17107701943562,1.10900108074726,0
/Volumes/AM/iAM425_20200609_001_calc/009.NM,tmrfret,24,629,562,25,0.388147654604381,3.38058672694792,4.93880725881834,1.14965081476555,2
/Volumes/AM/iAM425_20200609_001_calc/009.NM,tmrfret,32,380.66648822095,706.031783390678,21.1866723364548,0.492101243306024,1.85895339281607,5.80949262107641,1.04950640931192,2
/Volumes/AM/iAM425_20200609_001_calc/009.NM,tmrfret,38,125,874,22,0.384586696011411,2.03017571110976,2.9779318117807,1.16736990154712,2
/Volumes/AM/iAM425_20200609_001_calc/009.NM,tmrfret,43,599,945,22,0.663642893621272,1.81541803141561,12.6746035832458,1.19477166370825,2
/Volumes/AM/iAM425_20200609_001_calc/010.NM,Cy5,8,194.116905842862,186.124150062077,22.0800965279327,2.34313277681667,3.02877405765637,50.3212880580145,3.48117154811716,2
/Volumes/AM/iAM425_20200609_001_calc/010.NM,Cy5,23,42.244623264484,402.840254163771,26.3031315220412,2.87597996826162,2.55260196004813,38.115959351,3.72944960686204,2
/Volumes/AM/iAM425_20200609_001_calc/010.NM,Cy5,26,548.348640514153,475.637664821617,28.0638519260102,1.12186836521732,2.66672248648597,12.8211873371637,1.9737504494786,2
/Volumes/AM/iAM425_20200609_001_calc/010.NM,Cy5,35,854.435138056433,674.304191557006,24.4153071670163,2.93796495499555,2.81114472361648,30.2222364470413,3.33873056994819,2
/Volumes/AM/iAM425_20200609_001_calc/010.NM,Cy5,47,292.358110035074,863.632594145696,22.4764471350162,3.67497406319944,2.63153542085936,44.0885625073451,4.6286329386437,2
/Volumes/AM/iAM425_20200609_001_calc/010.NM,Cy5,50,407.819195897054,896.723962725989,21.5775970129367,2.459889502034,2.68288153368013,42.7180272080541,3.44202898550725,2
/Volumes/AM/iAM425_20200609_001_calc/010.NM,Cy5,51,629.559897061809,1018.65621875794,32.6942261146463,2.03425721855001,-1,29.0434224341715,2.90916179337232,2
/Volumes/AM/iAM425_20200609_001_calc/010.NM,tmr,8,194.551951568195,185.330539838496,22.4100982123043,0.875681906751197,2.94267918474058,19.1464751887214,1.36769694685262,2
/Volumes/AM/iAM425_20200609_001_calc/010.NM,tmr,23,42.1051175091432,402.087212617597,26.6166310579036,10000001,2.9171527687425,15.446626247087,1.37591875052853,0
/Volumes/AM/iAM425_20200609_001_calc/010.NM,tmr,26,548.291312037087,475.667264620538,28.7027298178288,0.736819082421789,3.0957458683572,8.58949048756855,1.40551323902793,2
/Volumes/AM/iAM425_20200609_001_calc/010.NM,tmr,35,855.845077991696,674.448131355103,24.9721077744213,1.41089160353795,2.8966627484969,15.0384905846074,1.49746364558674,2
/Volumes/AM/iAM425_20200609_001_calc/010.NM,tmr,47,292.876729964649,863.75494579906,23.1831971065363,1.29631725225227,2.07308685117818,28.479309376757,1.65826717293752,2
/Volumes/AM/iAM425_20200609_001_calc/010.NM,tmr,50,408.535668403981,896.725727052694,21.7855984613794,1.56706477912803,2.22825567328166,16.0245887169912,1.75187146247946,2
/Volumes/AM/iAM425_20200609_001_calc/010.NM,tmr,51,630.40268564249,1019.20402610793,32.6768230332745,1.06547234854816,-1,21.3800537169082,1.45503530286139,2
/Volumes/AM/iAM425_20200609_001_calc/010.NM,tmrfret,8,194.099681475439,186.773365510362,22.685719131482,0.480602500324949,1.18106917116742,6.09045075049212,1.0881557598702,2
/Volumes/AM/iAM425_20200609_001_calc/010.NM,tmrfret,23,42.0583368240863,403.18400290831,25.6291416208283,0.85704671850408,2.277499760774,10.3430569892691,1.34418948926721,2
/Volumes/AM/iAM425_20200609_001_calc/010.NM,tmrfret,26,548,476,28,0.49608366848679,3.1531307188812,6.05783569635764,1.30287296642437,0
/Volumes/AM/iAM425_20200609_001_calc/010.NM,tmrfret,35,854,675,25,0.940809992048344,2.28444654271097,6.46674848937133,1.28192408868846,2
/Volumes/AM/iAM425_20200609_001_calc/010.NM,tmrfret,47,292.177218899966,863.985860844438,22.2424209493394,0.958597622447087,2.66226359916503,18.3954898382392,1.3057062983062,2
/Volumes/AM/iAM425_20200609_001_calc/010.NM,tmrfret,50,407.397763575844,896.633993345982,21.1006361136789,0.931323441965105,2.91646398261483,7.20314318587526,1.3835857696372,2
/Volumes/AM/iAM425_20200609_001_calc/010.NM,tmrfret,51,628.907655278845,1018.87046046869,32.1394373895412,0.672939081612185,-1,13.6302129826533,1.10352225996782,2
