File,Channel,Nuclei,x,y,z,Value,FWHM,SNR,Label,dilation,version,xi,yi,zi,cell_ID,lamin_dist,lamin_dist_norm,centr_dist,centr_dist_norm,compartment,xnorm,ynorm,znorm,G1,Allele,angle
1,Cy5,1,917.9571533,52.8571434,16,10000001,3.730498388,6.397193984,0,0,7.0.2,918,53,16,,,,,,,,,,,,
1,Cy5,1,922.8428345,106.5999985,20,10000000,5.757891581,2.473100547,0,0,7.0.2,923,107,20,,,,,,,,,,,,
1,Cy5,2,681.2119497,162.2338418,19.06292358,10000000,3.787290207,9.207130868,0,0,7.0.2,681,162,19,9,1430.762889,0.282669044,3630.818885,0.717330956,2,0.632310445,0.306211322,0.053085217,0,0,
1,Cy5,3,777.2380981,260.323822,26,18.89498074,3.126560431,11.13559392,0,0,7.0.2,777,260,26,12,3000,0.621615818,1826.156148,0.378384182,0,0.371150728,0.057804108,0.478591583,0,2,124.0043097
1,Cy5,3,777.2581495,204.0598126,21.37350637,17.89498074,3.681189652,10.01917133,0,0,7.0.2,777,204,21,12,4387.94809,0.914155852,412.0519103,0.085844148,0,-0.343691821,0.005364907,0.206444899,0,1,124.0043097
1,Cy5,4,219.3308258,249.4962463,18,13.88802105,0.408123919,2.065344957,0,0,7.0.2,219,249,18,3,1598.239799,0.366740167,2759.905526,0.633259833,1,-0.385505987,0.609391433,-0.012321043,0,2,55.45294951
1,Cy5,4,198.8045044,235.7368469,27,12.88802105,4.844094705,3.667619487,0,0,7.0.2,199,236,27,3,2608.786122,0.537489903,2244.639635,0.462510097,0,-0.469242851,0.113278,0.517090721,0,1,55.45294951
1,Cy5,5,467.7869258,290.419928,20.34646815,10000000,4.649973312,8.626487975,0,0,7.0.2,468,290,20,7,2148.25532,0.473476874,2389.024547,0.526523126,0,-0.20276717,-0.537909655,0.142879753,0,0,
1,Cy5,6,352.4714355,418.7657166,20,15.21485266,10.81024225,1.485649902,0,0,7.0.2,352,419,20,5,1131.410392,0.244219876,3501.244573,0.755780124,2,-0.630590359,0.34025785,0.126142233,0,-1,
1,Cy5,6,375.0314331,488.5942993,22,14.21485266,7.592434163,0.621682296,0,0,7.0.2,375,489,22,5,2924.749755,0.643352988,1621.428602,0.356647012,0,0.458893171,0.114924889,0.243789292,0,-1,
1,Cy5,6,355.9628601,427.6285706,20,13.21485266,2.878729912,3.086825672,0,0,7.0.2,356,428,20,5,2180.566966,0.478667918,2375.096496,0.521332082,0,-0.491250555,0.302055783,0.126142233,0,-1,
1,Cy5,7,704.5438232,517.4133301,22,17.33454757,4.349878339,4.062756721,0,0,7.0.2,705,517,22,11,1523.502771,0.313907273,3329.963267,0.686092727,2,0.618930584,0.394920945,0.237593127,0,2,151.9593317
1,Cy5,7,754.7838135,448.3333435,21,16.33454757,3.296158653,6.413842314,0,0,7.0.2,755,448,21,11,3727.061063,0.758369804,1187.448949,0.241630196,0,-0.403731401,-0.263920685,0.178769597,0,1,151.9593317
1,Cy5,8,168.4348548,494.3574337,23.59675814,10000000,2.910590579,20.09024871,0,0,7.0.2,168,494,24,2,3666.025347,0.759466295,1161.675254,0.240533705,0,-0.457515106,0.132610693,0.280962532,0,0,
1,Cy5,9,67.09999847,695.9199829,23,10000001,1.333366176,2.257271187,0,0,7.0.2,67,696,23,1,1248.767584,0.265190074,3460.1733,0.734809926,0,-0.132726154,-0.724990719,0.271371907,0,2,14.14767756
1,Cy5,9,66.13999939,684.8800049,25,10000000,2.687108671,3.303280687,0,0,7.0.2,66,685,25,1,2714.790741,0.534636038,2362.963226,0.465363962,0,-0.005409761,-0.579038699,0.389018966,0,1,14.14767756
1,Cy5,10,869.1733398,709.5942993,23,9.536026468,3.135896729,4.210236044,0,0,7.0.2,869,710,23,10,3566.344533,0.773015173,1047.025412,0.226984827,0,0.476548245,0.517188642,0.307598257,0,-1,
1,Cy5,10,872.1694946,716.6762085,21,8.536026468,3.087305332,15.30672643,0,0,7.0.2,872,717,21,10,2714.206304,0.603258181,1785.062751,0.396741819,0,0.489628332,0.636153558,0.189951198,0,-1,
1,Cy5,10,874,684,23,7.536026468,2.943660053,19.48507339,0,0,7.0.2,874,684,23,10,3900,0.866666667,600,0.133333333,2,0.546513879,0.130422177,0.307598257,0,-1,
1,Cy5,11,486.2669067,645.5639038,17,10000001,3.322556053,3.975678712,0,0,7.0.2,486,646,17,6,233.2091644,0.054587957,4040.108882,0.945412043,2,0.509064087,-0.534650278,-0.004285614,0,2,148.5589024
1,Cy5,11,455.033844,704.5338135,20,10000000,2.793665325,8.378693318,0,0,7.0.2,455,705,20,6,3919.924471,0.917142539,354.0985278,0.082857461,0,-0.267646851,0.080477819,0.172184974,0,1,148.5589024
1,Cy5,12,335.5337788,689.3777998,20.83751603,10000002,3.638936368,4.844205168,0,0,7.0.2,336,689,21,4,3073.712784,0.728141655,1147.469589,0.271858345,2,-0.722774899,-0.136722038,0.207731813,0,-1,
1,Cy5,12,289.9520218,748.817547,21.78973381,10000001,3.867144721,5.882767426,0,0,7.0.2,290,749,22,4,1974.113129,0.468738993,2237.220871,0.531261007,0,-0.376612346,0.382450194,0.263744623,0,-1,
1,Cy5,12,344.7145381,692.7359517,20.93288066,10000000,2.824782596,13.63355189,0,0,7.0.2,345,693,21,4,1986.23013,0.462429583,2309.01509,0.537570417,2,-0.696753499,-0.227500016,0.213341497,0,-1,
1,Cy5,13,720.6212158,668.4313965,21,10000001,5.006302257,5.897652842,0,0,7.0.2,721,668,21,10,1662.541925,0.37207766,2805.790563,0.62792234,2,-0.581550206,-0.535970527,0.189951198,0,-1,
1,Cy5,13,710.9774454,682.5441755,18.31278625,10000000,2.416992188,5.053559685,0,0,7.0.2,711,683,18,10,3364.395843,0.753275385,1101.940911,0.246724615,2,-0.672419372,-0.3419641,0.031879801,0,-1,
1,Cy5,14,388.205858,809.3742953,22.87191954,10000001,2.621191068,10.35187467,0,0,7.0.2,388,809,23,4,2542.082004,0.585320634,1800.96891,0.414679366,0,0.055618265,-0.566924747,0.327402607,0,-1,
1,Cy5,14,378.5939941,795.9285889,24,10000000,4.082456091,5.001815449,0,0,7.0.2,379,796,24,4,973.8180258,0.214266287,3571.028901,0.785733713,0,-0.033641329,-0.480816409,0.393760281,0,-1,
1,Cy5,15,565.137146,829.8057251,20,16.20987289,3.983206331,3.192177719,0,0,7.0.2,565,830,20,8,2548.022376,0.544588586,2130.778262,0.455411414,2,-0.537613856,-0.310199087,0.086261462,0,-1,
1,Cy5,15,562.2228394,820.7714233,21,15.20987289,7.364671998,3.063556288,0,0,7.0.2,562,821,21,8,1677.161505,0.344442196,3192.050086,0.655557804,2,-0.671964526,-0.287552627,0.145084991,0,-1,
1,Cy5,15,568.0514526,821.0628662,20,14.20987289,3.43421727,7.296971518,0,0,7.0.2,568,821,20,8,1416.183927,0.298574105,3326.996791,0.701425895,2,-0.653315516,-0.387342376,0.086261462,0,-1,
1,Cy5,15,576.6036539,904.7799247,23.7532752,13.20987289,3.365175005,9.092657221,0,0,7.0.2,577,905,24,8,2283.510149,0.467452775,2602.037321,0.532547225,2,0.545591234,-0.278433599,0.307042355,0,-1,
1,Cy5,16,303,875,24,6.178577531,3.892230764,5.669644263,0,0,7.0.2,303,875,24,4,1914.706244,0.456324206,2281.22774,0.543675794,0,0.41862641,0.362646969,0.393760281,0,-1,
1,Cy5,16,273,890,25,7.095142275,3.581098502,6.090403875,0,0,7.0.2,273,890,25,4,780,0.167215144,3884.649276,0.832784856,0,0.495811581,0.68264671,0.452583811,0,-1,
1,tmr,1,918.7976547,51.71837748,16.85535613,3.487210227,2.791564094,12.6940525,0,0,7.0.2,919,52,17,,,,,,,,,,,,
1,tmr,1,924.3368133,105.8092642,20.10175848,3.431143286,2.663602329,11.46975084,0,0,7.0.2,924,106,20,,,,,,,,,,,,
1,tmr,2,681.9551107,161.5371864,19.45653087,4.965002687,2.780088151,13.58367995,0,0,7.0.2,682,162,19,9,1330.853114,0.265542453,3681.395952,0.734457547,2,0.641091798,0.292579501,0.076238587,0,0,
1,tmr,3,778.1753864,203.9896683,21.54593266,3.760240946,3.151411339,14.6497426,0,0,7.0.2,778,204,22,12,4336.220202,0.903379209,463.7797978,0.096620791,0,-0.343737752,-0.006428786,0.216587622,0,1,123.5583567
1,tmr,3,778.4339739,259.6602609,25.80813564,2.700609868,2.586608666,38.27823499,0,0,7.0.2,778,260,26,12,3057.559307,0.635074852,1756.895556,0.364925148,0,0.363821934,0.041897111,0.467305445,0,2,123.5583567
1,tmr,4,198,236,29,1.828696225,3.086383459,7.886298448,0,0,7.0.2,198,236,29,3,2100,0.434797448,2729.83516,0.565202552,0,-0.4833825,0.105246554,0.63473778,0,1,62.47557074
1,tmr,4,220,250,17,1.686719332,3.187488848,10.12996758,0,0,7.0.2,220,250,17,3,1545.44492,0.355796292,2798.177979,0.644203708,1,-0.383522821,0.626350042,-0.071144573,0,2,62.47557074
1,tmr,5,468.2229175,290.8229697,19.89730081,3.614621324,3.36168715,21.59263595,0,0,7.0.2,468,291,20,7,2237.39744,0.49283678,2302.385853,0.50716322,0,-0.193930904,-0.534606313,0.116458145,0,0,
1,tmr,6,355.3150788,427.746458,20.43623487,3.452953942,3.061094675,26.4913499,0,0,7.0.2,355,428,20,5,2089.730809,0.461353579,2439.581909,0.538646421,0,-0.490568049,0.312161602,0.151803108,0,-1,
1,tmr,6,374.3435493,489.3103559,19.10200221,3.210584199,2.714713781,24.0385084,0,0,7.0.2,374,489,19,5,3146.220839,0.68795024,1427.0832,0.31204976,0,0.468514879,0.126668246,0.073318834,0,-1,
1,tmr,6,352,418,21,2.541235555,3.620387314,4.334601687,0,0,7.0.2,352,418,21,5,966.9539803,0.20767344,3689.173349,0.79232656,2,-0.642915156,0.346154279,0.184965763,0,-1,
1,tmr,7,756.0135499,448.7596126,20.74405236,5.515871831,2.685306973,26.71795712,0,0,7.0.2,756,449,21,11,3691.74075,0.747342625,1248.053729,0.252657375,0,-0.399974536,-0.284115898,0.163713854,0,1,153.2040933
1,tmr,7,705.2549529,517.6067748,21.72291163,2.832117188,2.993859213,10.99057253,0,0,7.0.2,705,518,22,11,1594.799162,0.328500005,3259.75502,0.671499995,2,0.62038163,0.383344456,0.221293811,0,2,153.2040933
1,tmr,8,168.760691,494.1750981,23.71447096,3.316608361,2.59880241,8.429978973,0,0,7.0.2,169,494,24,2,3659.298049,0.759165103,1160.943501,0.240834897,0,-0.452015881,0.135704051,0.287886815,0,0,
1,tmr,9,65.81873559,685.3120521,24.68154102,3.242803469,2.40483855,9.88431801,0,0,7.0.2,66,685,25,1,2636.814399,0.5258666,2377.996947,0.4741334,0,-0.005367775,-0.588484229,0.370286084,0,1,13.13922967
1,tmr,9,67,696,23,2.91838704,3.383789063,5.578146895,0,0,7.0.2,67,696,23,1,1235.516086,0.262455923,3472.002304,0.737544077,0,-0.1321513,-0.727161473,0.271371907,0,2,13.13922967
1,tmr,10,874.719291,684.349475,23.06428721,6.350297819,2.573664071,38.18468627,0,0,7.0.2,875,684,23,10,3880.713836,0.862380853,619.2861636,0.137619147,2,0.551438783,0.13786888,0.311379857,0,-1,
1,tmr,10,873.6479636,717.2900755,20.28671244,5.105101684,2.506314097,28.23071422,0,0,7.0.2,874,717,20,10,2689.07824,0.587207399,1890.354376,0.412792601,0,0.499889273,0.649826993,0.147993106,0,-1,
1,tmr,10,870.2667156,709.6732545,22.45948625,3.58183252,2.744374304,15.47815488,0,0,7.0.2,870,710,22,10,3565.140704,0.784334857,981.213793,0.215665143,0,0.48463208,0.521438454,0.27580333,0,-1,
1,tmr,11,455.4899508,705.3777244,20.11207586,3.470354604,2.652399873,33.16529201,0,0,7.0.2,455,705,20,6,3800.302482,0.893518254,452.9655156,0.106481746,0,-0.267372835,0.095946948,0.178777672,0,1,149.4697528
1,tmr,11,486.403545,646.1163415,17.57441068,2.959610103,2.697749355,4.711393585,0,0,7.0.2,486,646,18,6,282.0297955,0.066271607,3973.564154,0.933728393,2,0.507201156,-0.525719277,0.02950325,0,2,149.4697528
1,tmr,12,288.945967,749.989955,21.04244918,3.56294879,2.673915955,19.6496277,0,0,7.0.2,289,750,21,4,1825.938401,0.429824198,2422.154474,0.570175802,0,-0.369843358,0.393783573,0.219786704,0,-1,
1,tmr,12,335.5161341,691.2016751,20.77696762,3.048401679,2.705807318,7.271283083,0,0,7.0.2,336,691,21,4,3094.561603,0.731333884,1136.676584,0.268666116,2,-0.711393712,-0.134901111,0.204170141,0,-1,
1,tmr,12,344.503659,692.7724782,20.99407207,2.864845189,2.533654314,28.36248176,0,0,7.0.2,345,693,21,4,2013.119567,0.468738882,2281.678645,0.531261118,2,-0.696641333,-0.225312631,0.216940991,0,-1,
1,tmr,13,711.6272032,682.9923773,18.61747565,3.748880294,2.809000881,10.06010373,0,0,7.0.2,712,683,19,10,3414.572386,0.766266868,1041.508443,0.233733132,2,-0.668145648,-0.333165922,0.049802706,0,-1,
1,tmr,13,721.6331027,668.4338171,20.69614047,2.805307731,2.423398793,10.21658814,0,0,7.0.2,722,668,21,10,1646.613365,0.369282612,2812.329891,0.630717388,2,-0.573975502,-0.533141823,0.172077107,0,-1,
1,tmr,14,379.9722205,797.3265556,24.39860098,2.254440134,2.674804688,8.510465115,0,0,7.0.2,380,797,24,4,1196.577589,0.259350852,3417.269731,0.740649148,0,-0.024152567,-0.493640061,0.417207398,0,-1,
1,tmr,14,388.6234262,809.6935547,22.19065074,2.598640255,2.689838712,12.57903615,0,0,7.0.2,389,810,22,4,2568.036404,0.59490519,1748.693449,0.40509481,0,0.057841789,-0.570903807,0.287327972,0,-1,
1,tmr,15,576.9615742,905.6571308,24.16382736,4.162812273,2.682761362,8.759747321,0,0,7.0.2,577,906,24,8,2177.532183,0.441010147,2760.614335,0.558989853,2,0.55882341,-0.281927175,0.331192483,0,-1,
1,tmr,15,568.0709818,822.4037547,20.34202655,2.529578094,2.382757486,15.16068786,0,0,7.0.2,568,822,20,8,1564.422585,0.330406191,3170.460285,0.669593809,2,-0.63440592,-0.383569158,0.106380671,0,-1,
1,tmr,15,565.0774834,830.0482752,20.49999924,2.277517181,3.029456586,12.62913889,0,0,7.0.2,565,830,20,8,2587.495744,0.550929576,2109.100794,0.449070424,2,-0.534351095,-0.308424928,0.115673181,0,-1,
1,tmr,15,562.0902329,821.7814318,21.62675489,2.056512993,3.302422073,5.324080908,0,0,7.0.2,562,822,22,8,1809.101349,0.36946877,3087.46918,0.63053123,2,-0.658088833,-0.282165756,0.181952926,0,-1,
1,tmr,16,272.8836124,891.2631252,24.93742688,3.804222383,3.039344379,14.99945245,0,0,7.0.2,273,891,25,4,767.5841419,0.164850517,3888.623967,0.835149483,2,0.503636345,0.684972063,0.448903039,0,-1,
1,tmr,16,303.5356962,876.0185267,23.70174209,3.015187908,3.282000718,18.28777534,0,0,7.0.2,304,876,24,4,2069.725883,0.493644211,2122.917799,0.506355789,0,0.425282117,0.358090029,0.376215699,0,-1,
1,tmrfret,1,918,53,16,2.38638736,3.123303156,11.49284526,0,0,7.0.2,918,53,16,,,,,,,,,,,,
1,tmrfret,1,923.9280177,107.3331109,20.55552538,2.508111,3.369038575,5.417997562,0,0,7.0.2,924,107,21,,,,,,,,,,,,
1,tmrfret,2,681.2353597,162.4132049,19.54572679,4.712008664,2.940466411,23.2302298,0,0,7.0.2,681,162,20,9,1414.603149,0.277868041,3676.519233,0.722131959,2,0.633189626,0.309014998,0.081485406,0,0,
1,tmrfret,3,777.3353377,204.2110128,21.70268987,2.853507397,3.598632813,9.219523744,0,0,7.0.2,777,204,22,12,4289.193038,0.893581883,510.8069623,0.106418117,0,-0.341699617,0.00451814,0.225808635,0,1,122.6881478
1,tmrfret,3,777.4798825,260.3447952,25.94474311,2.243488776,2.622757571,14.54091647,0,0,7.0.2,777,260,26,12,3016.577068,0.624947423,1810.351106,0.375052577,0,0.37164002,0.054731883,0.475341178,0,2,122.6881478
1,tmrfret,4,219.5563965,249.9473724,18,5.902609809,3.33064066,4.947774998,0,0,7.0.2,220,250,18,3,1540.064716,0.352907666,2823.847957,0.647092334,1,-0.388643954,0.619109172,-0.012321043,0,2,54.52964522
1,tmrfret,4,198.3894448,236.5772836,26.78080268,4.902609809,6.275975206,5.104293626,0,0,7.0.2,198,237,27,3,2479.628667,0.519256503,2296.547322,0.480743497,0,-0.486072604,0.119157016,0.504196761,0,1,54.52964522
1,tmrfret,5,467.820092,290.7035575,20.41364738,2.550182989,4.028707102,18.57978637,0,0,7.0.2,468,291,20,7,2181.239222,0.480710337,2356.387963,0.519289663,0,-0.200630764,-0.534085085,0.146831473,0,0,
1,tmrfret,6,373.6885681,489.3999939,19,6.272500235,2.362956051,2.434796891,0,0,7.0.2,374,489,19,5,3121.853241,0.682629937,1451.556935,0.317370063,0,0.468759879,0.136835763,0.067318704,0,-1,
1,tmrfret,6,351.6657104,418.7657166,21,5.272500235,3.887584468,5.204849836,0,0,7.0.2,352,419,21,5,1007.152029,0.216247684,3650.316134,0.783752316,2,-0.631949318,0.35257658,0.184965763,0,-1,
1,tmrfret,6,355.4944182,427.963483,20.77471622,2.095642883,2.869649812,11.95622955,0,0,7.0.2,355,428,21,5,2094.695639,0.46369791,2422.474638,0.53630209,0,-0.48699775,0.309791353,0.171713775,0,-1,
1,tmrfret,7,754.9797939,448.8632912,20.70927934,4.40788567,3.171155236,14.55033473,0,0,7.0.2,755,449,21,11,3778.661304,0.767833108,1142.548658,0.232166892,0,-0.396850272,-0.268027015,0.161668382,0,1,153.3028822
1,tmrfret,7,704.6727704,517.7725073,21.78706604,2.953710758,3.902019491,7.834265729,0,0,7.0.2,705,518,22,11,1525.723368,0.314099574,3331.581444,0.685900426,2,0.623600772,0.392198982,0.2250676,0,2,153.3028822
1,tmrfret,8,168.6801309,494.1737468,23.60335195,2.509554753,2.868034128,23.44208927,0,0,7.0.2,169,494,24,2,3679.933555,0.763463075,1140.222991,0.236536925,0,-0.452725459,0.134493353,0.281350403,0,0,
1,tmrfret,9,67.58000183,696.1599731,24,4.432884393,3.883931418,2.010522431,0,0,7.0.2,68,696,24,1,1279.203491,0.265080848,3546.450811,0.734919152,0,-0.141922732,-0.723386081,0.330195436,0,2,12.29234236
1,tmrfret,9,66.13898947,684.9431694,24.90331755,2.506149008,3.196450206,7.734910259,0,0,7.0.2,66,685,25,1,2701.979205,0.534186065,2356.423118,0.465813935,0,-0.006047143,-0.579941413,0.383331763,0,1,12.29234236
1,tmrfret,10,873.7157668,683.9338935,23.19743121,4.849608509,2.751407255,45.78184445,0,0,7.0.2,874,684,23,10,3840.770637,0.853504586,659.2293629,0.146495414,2,0.544472641,0.128604891,0.319211857,0,-1,
1,tmrfret,10,872.4619042,717.0004807,20.38810082,4.337601827,2.903164933,15.00557766,0,0,7.0.2,872,717,20,10,2707.34038,0.596528121,1831.092157,0.403471879,0,0.491389672,0.642028927,0.153957128,0,-1,
1,tmrfret,10,869.2346853,709.5395892,22.66397857,3.687396789,2.919859194,13.52635107,0,0,7.0.2,869,710,23,10,3573.884753,0.782469439,994.3745636,0.217530561,0,0.477079945,0.516502634,0.28783229,0,-1,
1,tmrfret,11,455.2677775,704.8492566,20.06889487,3.1476417,2.617330082,14.71591043,0,0,7.0.2,455,705,20,6,3873.426251,0.90845726,390.3794682,0.09154274,0,-0.266744253,0.086728314,0.176237613,0,1,146.9822893
1,tmrfret,11,486,645,18,2.479130256,2.975974171,4.693756152,0,0,7.0.2,486,645,18,6,130,0.030698099,4104.789885,0.969301901,2,0.509358536,-0.544707293,0.054537915,0,2,146.9822893
1,tmrfret,12,344.6595626,692.4995297,21.00363544,2.81230217,2.698821891,27.90406443,0,0,7.0.2,345,692,21,4,1991.760353,0.463557256,2305.002573,0.536442744,2,-0.698260287,-0.227151009,0.217503543,0,-1,
1,tmrfret,12,288.881154,749.4691025,21.18813321,2.813298658,3.240882278,11.94441761,0,0,7.0.2,289,749,21,4,1871.629582,0.440643537,2375.664387,0.559356463,0,-0.373131946,0.39397723,0.228356353,0,-1,
1,tmrfret,12,335.2030076,690.0442089,20.99668235,1.847949469,2.191401872,6.866541356,0,0,7.0.2,335,690,21,4,3100.71221,0.736784147,1107.733318,0.263215853,2,-0.71879477,-0.132743123,0.217094537,0,-1,
1,tmrfret,13,721,668,21,2.104996472,3.087580383,10.77674336,0,0,7.0.2,721,668,21,10,1608.011194,0.359656467,2862.953021,0.640343533,2,-0.578143505,-0.541669209,0.189951198,0,-1,
1,tmrfret,13,710.8586281,682.4160659,18.65855901,2.664885365,2.864333461,9.913384591,0,0,7.0.2,711,682,19,10,3333.677322,0.747955654,1123.349932,0.252044346,2,-0.673139902,-0.34429436,0.052219374,0,-1,
1,tmrfret,14,379,796,24,1.860185313,4.004919583,4.333178467,0,0,7.0.2,379,796,24,4,992.8242543,0.218024063,3560.912804,0.781975937,0,-0.032972082,-0.484900287,0.393760281,0,-1,
1,tmrfret,14,388.3498514,809.2616678,22.62233473,2.161748309,3.165314368,13.08598598,0,0,7.0.2,388,809,23,4,2523.915942,0.582209355,1811.15592,0.417790645,0,0.054994036,-0.568497225,0.312721148,0,-1,
1,tmrfret,15,564.8457031,829.2228394,20,7.036206497,2.860702419,7.626051975,0,0,7.0.2,565,829,20,8,2506.331215,0.533928442,2187.823185,0.466071558,2,-0.546540197,-0.306951584,0.086261462,0,-1,
1,tmrfret,15,561.9314575,820.7714233,21,6.036206497,3.724323294,4.234295551,0,0,7.0.2,562,821,21,8,1682.254119,0.345483465,3187.015706,0.654516535,2,-0.672691884,-0.282519312,0.145084991,0,-1,
1,tmrfret,15,567.5619415,821.7693509,20.56134893,5.036206497,2.759546918,11.95984729,0,0,7.0.2,568,822,21,8,1558.085488,0.325573589,3227.026611,0.674426411,2,-0.644600086,-0.376720819,0.119281987,0,-1,
1,tmrfret,15,576.2976679,904.8067402,24.15377192,4.036206497,3.061953494,16.12713321,0,0,7.0.2,576,905,24,8,2303.693664,0.466486701,2635.165246,0.533513299,2,0.545204607,-0.273065807,0.330600986,0,-1,
1,tmrfret,16,272.9781798,890.6317146,24.85140284,3.639349326,3.256664093,8.313657,0,0,7.0.2,273,891,25,4,777.1633701,0.167071328,3874.606628,0.832928672,0,0.499744913,0.683437899,0.443842801,0,-1,
1,tmrfret,16,303.3259435,875.1867459,23.84219072,2.919116124,3.395564961,8.778575073,0,0,7.0.2,303,875,24,4,1956.015832,0.466215789,2239.432805,0.533784211,0,0.419971948,0.359484827,0.384477382,0,-1,
2,Cy5,1,98.96334839,24.3975563,17,10000002,3.80593071,3.756875137,0,0,7.0.2,99,24,17,,,,,,,,,,,,
2,Cy5,1,134.5348525,8.510108527,15.51853102,10000000,-1,9.959222969,0,0,7.0.2,135,9,16,,,,,,,,,,,,
2,Cy5,2,396.411438,108.4247589,15,17.0513888,2.016671491,4.521798909,0,0,7.0.2,396,108,15,,,,,,,,,,,,
2,Cy5,2,397.1939571,49.40226668,19.55489141,16.0513888,3.286622345,5.030519496,0,0,7.0.2,397,49,20,,,,,,,,,,,,
2,Cy5,2,397.9771423,86.50476074,17,15.0513888,4.334529816,5.59697153,0,0,7.0.2,398,87,17,,,,,,,,,,,,
2,Cy5,3,339.0628662,151.9980927,18,15.9024726,2.720599961,1.563009302,0,0,7.0.2,339,152,18,,,,,,,,,,,,
2,Cy5,3,334.5219116,142.3485718,13,14.9024726,3.300613754,6.466375463,0,0,7.0.2,335,142,13,,,,,,,,,,,,
2,Cy5,3,354.2379733,105.2477462,14.11141484,13.9024726,3.442988486,11.24527656,0,0,7.0.2,354,105,14,,,,,,,,,,,,
2,Cy5,4,120.6879501,175.3361377,17.00708133,8.006193134,3.064375984,23.47932831,0,0,7.0.2,121,175,17,,,,,,,,,,,,
2,Cy5,5,263.4836686,219.6813396,14.38655528,15.71219049,3.426834672,9.148530033,0,0,7.0.2,263,220,14,,,,,,,,,,,,
2,Cy5,5,258.3866577,216.8000031,11,14.71219049,2.897100416,9.385755088,0,0,7.0.2,258,217,11,,,,,,,,,,,,
2,Cy5,6,616.625,199.875,15,12.65429021,2.539630443,2.201369609,0,0,7.0.2,617,200,15,7,1969.144755,0.43133467,2596.068685,0.56866533,1,-0.288027397,0.543985584,-0.157977701,0,-1,
2,Cy5,6,604.875,280.875,14,11.65429021,1.279574738,0.737965131,0,0,7.0.2,605,281,14,7,189.6439065,0.038646056,4718.151848,0.961353944,2,0.897416181,0.071537585,-0.216801231,0,-1,
2,Cy5,6,606.5912738,275.6874633,12.52270183,10.65429021,2.997059642,10.09638565,0,0,7.0.2,607,276,13,7,847.0372917,0.170326402,4125.853913,0.829673598,2,0.813900651,0.088991989,-0.303701123,0,-1,
2,Cy5,7,771.2655011,230.5252319,15.05762803,15.02197091,3.361519083,17.65380609,0,0,7.0.2,771,231,15,,,,,,,,,,,,
2,Cy5,7,855.4331117,258.0338018,18.37447902,9.182313952,3.498303124,19.53822061,0,0,7.0.2,855,258,18,,,,,,,,,,,,
2,Cy5,8,529.3492919,259.8144099,14.17856951,10000001,3.924363208,7.845878028,0,0,7.0.2,529,260,14,4,1826.043176,0.447175713,2257.757108,0.552824287,2,0.631911842,-0.653298889,-0.19657825,0,-1,
2,Cy5,8,517.5702805,243.4481558,14.99251566,10000000,4.081239463,6.060401983,0,0,7.0.2,518,243,15,4,1396.225037,0.263516841,3902.091633,0.736483159,2,0.574013737,-0.781989206,-0.148699065,0,-1,
2,Cy5,9,419.8218994,303.0628662,15,10000001,4.022153577,3.410243292,0,0,7.0.2,420,303,15,4,3802.878225,0.963595324,143.5688631,0.036404676,1,-0.050889409,-0.439483492,-0.14825881,0,-1,
2,Cy5,9,474.882843,288.1885681,15,10000000,4.485491831,6.288038374,0,0,7.0.2,475,288,15,4,198.1975703,0.038151853,4988.1488,0.961848147,1,0.28728894,-0.497409311,-0.14825881,0,-1,
2,Cy5,10,964.730511,314.5985294,14.45216447,10000001,2.997070313,8.595289885,0,0,7.0.2,965,315,14,,,,,,,,,,,,
2,Cy5,10,960.9104289,322.4520322,13.2682173,10000000,2.208449322,8.227109707,0,0,7.0.2,961,322,13,,,,,,,,,,,,
2,Cy5,11,337.4954898,401.9281687,19.41499407,16.36798517,3.354567012,9.855350208,0,0,7.0.2,337,402,19,4,4975.015855,1,0,0,2,-0.613159963,0.200141574,0.111446724,0,-1,
2,Cy5,11,326.781105,322.5091545,16.29140068,15.36798517,4.793952507,7.34701949,0,0,7.0.2,327,323,16,4,1509.269814,0.366922825,2604.368865,0.633077175,2,-0.618132138,-0.382652533,-0.072294064,0,-1,
2,Cy5,12,526.9006485,424.4217134,15.1604438,11.72789209,2.943452849,6.817210902,0,0,7.0.2,527,424,15,4,4548.133141,1,0,0,1,0.495707027,0.532494045,-0.138820939,0,-1,
2,Cy5,12,552.0565726,437.1941977,16.94949987,10.72789209,2.609674206,4.468893039,0,0,7.0.2,552,437,17,4,2528.414209,0.638490606,1431.545182,0.361509394,2,0.635749972,0.64725507,-0.033582347,0,-1,
2,Cy5,12,562.4309334,426.6794749,15.40903717,9.727892086,3.046713363,7.051558194,0,0,7.0.2,562,427,15,4,2784.450111,0.708743412,1144.29477,0.291256588,2,0.705167913,0.580681272,-0.1241978,0,-1,
2,Cy5,12,550,427,12,8.727892086,2.768910774,26.67808115,0,0,7.0.2,550,427,12,4,3600,0.923076923,300,0.076923077,2,0.631063429,0.571836288,-0.324729398,0,-1,
2,Cy5,13,864.8642218,531.0429672,14.26254945,10000000,3.82721746,18.0093137,0,0,7.0.2,865,531,14,5,1820.591358,0.446511239,2256.751012,0.553488761,2,0.620969036,-0.406201692,-0.200646492,0,-1,
2,Cy5,14,63.94924927,487.8214417,20,9.298804877,7.871941845,1.140861632,0,0,7.0.2,64,488,20,1,4800,1,0,0,0,0.044819244,-0.044871043,0.097793895,0,1,95.03734032
2,Cy5,14,99.1282009,497.1183285,14.85570624,8.298804877,3.893421215,22.99820876,0,0,7.0.2,99,497,15,1,1913.308912,0.412774127,2721.893141,0.587225873,1,0.402955601,0.588671376,-0.20481162,0,2,95.03734032
2,Cy5,15,336.8516387,650.01709,15.8154484,10000000,4.614015507,2.73873471,0,0,7.0.2,337,650,16,3,2082.671813,0.366992285,3592.373136,0.633007715,1,-0.237949908,0.695336449,-0.108775392,0,-1,
2,Cy5,16,557.9188431,551.5959582,16.48201136,8.015846837,2.891406637,10.61897433,0,0,7.0.2,558,552,16,3,2644.257055,0.640972769,1481.030507,0.359027231,2,0.771867884,-0.468528497,-0.069565806,0,-1,
2,Cy5,18,395.8666687,638.666687,20,13.62432277,4.598574863,-0.156745693,0,0,7.0.2,396,639,20,3,662.1758632,0.140866107,4038.981778,0.859133893,0,0.028300895,0.583371481,0.137374702,0,-1,
2,Cy5,18,412.5511003,658.7466851,12.82267672,12.62432277,3.184811366,4.699822827,0,0,7.0.2,413,659,13,,,,,,,,,,,,
2,Cy5,19,813.3596916,581.2108538,16.68546362,15.83192933,2.719431513,3.465124366,0,0,7.0.2,813,581,17,5,1782.494539,0.455556961,2130.292512,0.544443039,1,0.374960174,-0.281199102,-0.058122129,0,-1,
2,Cy5,19,817.8020817,584.9392798,16.54246937,14.83192933,2.588342243,13.25158731,0,0,7.0.2,818,585,17,5,2202.106379,0.564642661,1697.893621,0.435357339,1,0.383472878,-0.251854182,-0.066533556,0,-1,
2,Cy5,20,941.4981079,749.3063965,18,10000003,1.727231397,1.108524542,0,0,7.0.2,941,749,18,5,643.9273518,0.163886596,3285.171941,0.836113404,2,0.52499622,0.866860385,0.01920354,0,-1,
2,Cy5,20,973.7537842,694.569519,17,10000001,1.529512311,2.838012047,0,0,7.0.2,974,695,17,5,518.7009342,0.129785215,3478.51595,0.870214785,2,0.715844323,0.672420607,-0.039619989,0,-1,
2,Cy5,20,980.84021,696.2800903,16,10000000,2.950049097,6.489397764,0,0,7.0.2,981,696,16,,,,,,,,,,,,
2,Cy5,20,943.6973877,754.4379883,15,10000002,1.068212945,1.006441077,0,0,7.0.2,944,754,15,,,,,,,,,,,,
2,Cy5,21,771.3945142,739.668626,16.74736684,12.4379654,2.645777229,8.535606132,0,0,7.0.2,771,740,17,5,3839.93145,0.970177445,118.1206,0.029822555,1,-0.010948504,0.406356434,-0.054480764,0,-1,
2,Cy5,21,771.6266479,708.4266968,14,11.4379654,2.760395001,4.541650487,0,0,7.0.2,772,708,14,5,1639.459982,0.418472115,2278.231275,0.581527885,1,0.039082182,0.251295107,-0.216090577,0,-1,
2,Cy5,21,780,709,14,5.946572841,3.007283009,9.770255151,0,0,7.0.2,780,709,14,5,735.3910524,0.188123071,3173.70446,0.811876929,1,0.065308098,0.274455987,-0.216090577,0,-1,
2,Cy5,21,775.9965647,757.3148999,16.49100837,9.437965404,3.126385038,27.56161642,0,0,7.0.2,776,757,16,5,1594.168771,0.405542254,2336.726349,0.594457746,1,-0.023871406,0.505416976,-0.069560673,0,-1,
2,Cy5,22,528.112793,705.6052856,17,18.30835553,4.045826706,3.273954892,0,0,7.0.2,528,706,17,5,1211.445292,0.298016765,2853.72778,0.701983235,2,-0.745468097,-0.353272268,-0.039619989,0,-1,
2,Cy5,22,460.8796997,709.4398193,20,17.30835553,5.903027267,2.553751816,0,0,7.0.2,461,709,20,5,583.2335261,0.143187927,3489.474807,0.856812073,2,-0.969355935,-0.497209516,0.136850599,0,-1,
2,Cy5,22,463.6917419,705.0939941,17,16.30835553,4.04633842,6.058870964,0,0,7.0.2,464,705,17,5,443.211711,0.106731709,3709.195055,0.893268291,2,-0.953389975,-0.512038101,-0.039619989,0,-1,
2,Cy5,22,528.4551781,701.7279501,18.49156663,6.348466439,3.691154961,5.47435646,0,0,7.0.2,528,702,18,5,700.9359916,0.171967036,3375.055312,0.828032964,2,-0.738242944,-0.371756021,0.048119224,0,-1,
2,Cy5,23,579.16511,752.2206107,17.2399868,10000001,3.589683864,4.786121253,0,0,7.0.2,579,752,17,5,792.9348674,0.188508798,3413.02072,0.811491202,2,-0.653582648,0.002731103,-0.025503119,0,-1,
2,Cy5,23,620.4663022,725.8439732,18.49701771,10000000,3.385327945,9.055944747,0,0,7.0.2,620,726,18,5,3954.764199,0.996264627,14.83857034,0.003735373,0,-0.478159699,-0.028503797,0.048439876,0,-1,
2,Cy5,27,674.2939232,910.9992269,20.73162975,10000001,3.130270131,4.883215071,0,0,7.0.2,674,911,21,6,3936.079479,0.993803195,24.70143502,0.006196805,0,0.491635063,0.038139294,0.142594326,0,-1,
2,Cy5,27,704.53479,948.3129883,21,10000000,1.338076113,2.009003966,0,0,7.0.2,705,948,21,6,808.3480526,0.182742338,3615.030044,0.817257662,2,0.646632728,0.74685654,0.158380811,0,-1,
2,Cy5,28,565.6710815,921.5657959,22,14.90536248,4.429949871,1.737532799,0,0,7.0.2,566,922,22,6,2582.14692,0.650038701,1390.135761,0.349961299,0,-0.309601593,-0.199698628,0.217204341,0,-1,
2,Cy5,28,491.3026428,943.5921021,19,13.90536248,3.145199604,16.97963749,0,0,7.0.2,491,944,19,6,1171.671887,0.29335159,2822.430093,0.70664841,2,-0.883178729,-0.126445857,0.040733752,0,-1,
2,tmr,1,134.6903859,7.349493891,15.53424489,3.588619561,-1,27.72900925,0,0,7.0.2,135,7,16,,,,,,,,,,,,
2,tmr,1,99.42603531,23.07425864,16.19151714,2.937552358,2.632796974,24.18649705,0,0,7.0.2,99,23,16,,,,,,,,,,,,
2,tmr,2,398.4029592,48.29670568,19.50059051,4.283780138,2.846696427,10.87636323,0,0,7.0.2,398,48,20,,,,,,,,,,,,
2,tmr,2,396.8559576,107.5612178,15.19679393,3.965776834,2.64391651,13.50104247,0,0,7.0.2,397,108,15,,,,,,,,,,,,
2,tmr,2,399.2397407,85.69835183,17.09799034,3.124062967,3.015597598,20.66940104,0,0,7.0.2,399,86,17,,,,,,,,,,,,
2,tmr,3,355.0557157,104.0582661,14.3944504,2.780170768,2.977268787,15.97223651,0,0,7.0.2,355,104,14,,,,,,,,,,,,
2,tmr,3,335,142,14,1.584558359,2.9072435,5.226366816,0,0,7.0.2,335,142,14,,,,,,,,,,,,
2,tmr,3,339.6991261,151.881556,17.73383851,2.021152348,2.254979891,7.426070375,0,0,7.0.2,340,152,18,,,,,,,,,,,,
2,tmr,4,120.7733558,174.5904766,17.20213791,5.297978322,3.023979595,30.67030075,0,0,7.0.2,121,175,17,,,,,,,,,,,,
2,tmr,5,259.0812004,216.7656237,11.98470222,5.146888128,2.856153435,14.74334587,0,0,7.0.2,259,217,12,,,,,,,,,,,,
2,tmr,5,263.6797217,218.5562146,14.52709254,3.305506575,3.596801216,19.92935713,0,0,7.0.2,264,219,15,,,,,,,,,,,,
2,tmr,6,618.3792705,198.8884846,16.06964678,3.582550786,3.094626795,13.90134135,0,0,7.0.2,618,199,16,7,1913.669583,0.423810416,2601.727145,0.576189584,1,-0.315162716,0.528336411,-0.095057303,0,-1,
2,tmr,6,606.8549793,276.5987326,14.97431401,2.565212206,2.890227837,11.98021862,0,0,7.0.2,607,277,15,7,672.4002588,0.140964928,4097.62506,0.859035072,2,0.824117127,0.078417634,-0.159488642,0,-1,
2,tmr,6,606,281,14,1.690500878,2.73099878,1.583999381,0,0,7.0.2,606,281,14,7,290.6888371,0.05896842,4638.879175,0.94103158,2,0.890236561,0.05562277,-0.216801231,0,-1,
2,tmr,7,772.0644351,229.8527582,15.16053822,12.36948015,2.932062154,47.14020171,0,0,7.0.2,772,230,15,,,,,,,,,,,,
2,tmr,7,856.8509937,257.2218741,18.6268205,6.736778104,3.27906924,47.88690263,0,0,7.0.2,857,257,19,,,,,,,,,,,,
2,tmr,8,530.2832908,259.0622513,14.32932766,4.906310791,2.943020872,19.39838583,0,0,7.0.2,530,259,14,4,1693.377566,0.414889205,2388.646072,0.585110795,2,0.638017777,-0.657888933,-0.187710124,0,-1,
2,tmr,8,518,243,14,4.415458567,3.574475784,7.750032664,0,0,7.0.2,518,243,14,4,1359.264507,0.253112476,4010.935053,0.746887524,2,0.576898447,-0.784837876,-0.207082339,0,-1,
2,tmr,9,475.7666441,288.7326931,14.32994711,3.894640105,2.868462047,11.60237076,0,0,7.0.2,476,289,14,4,325.2050887,0.060287002,5058.808659,0.939712998,1,0.292138559,-0.492688978,-0.187673685,0,-1,
2,tmr,9,420.3226701,303.3501596,16.66277275,3.287068603,2.591060971,15.88519996,0,0,7.0.2,420,303,17,4,3749.97081,0.950939518,193.3903843,0.049060482,1,-0.048126035,-0.436960559,-0.050448647,0,-1,
2,tmr,10,962.0214767,321.9596257,13.54227832,2.757964615,2.792723485,15.05520651,0,0,7.0.2,962,322,14,,,,,,,,,,,,
2,tmr,10,965.2965797,313.1229196,14.64518924,2.080941799,3.573513658,10.47423203,0,0,7.0.2,965,313,15,,,,,,,,,,,,
2,tmr,11,338.0327295,401.755672,19.82294127,5.973047006,2.921912573,21.80273013,0,0,7.0.2,338,402,20,4,4852.067843,1,0,0,2,-0.60984007,0.199378882,0.135443618,0,-1,
2,tmr,11,327.5926744,321.1880273,16.01897971,4.364080978,3.164145586,15.73282489,0,0,7.0.2,328,321,16,4,1342.671132,0.328937612,2739.059393,0.671062388,2,-0.612333207,-0.391458787,-0.088318827,0,-1,
2,tmr,12,550.517583,426.8031047,12.43695579,7.59158743,2.543071827,48.221613,0,0,7.0.2,551,427,12,4,3711.375154,0.947385108,206.1696484,0.052614892,2,0.634284548,0.570879864,-0.299026116,0,-1,
2,tmr,12,527.3468515,424.9113128,15.28843987,4.081210017,2.310035902,11.84822785,0,0,7.0.2,527,425,15,4,4586.531962,1,0,0,1,0.497996631,0.536428063,-0.131291758,0,-1,
2,tmr,12,562.5140219,425.9432147,15.69213788,3.082965174,3.099882388,7.412067282,0,0,7.0.2,563,426,16,4,2858.20004,0.727966835,1068.126071,0.272033165,2,0.706205784,0.575442175,-0.107544816,0,-1,
2,tmr,12,552.7296877,436.8197846,17.21257586,3.022800413,2.341194204,9.525048194,0,0,7.0.2,553,437,17,4,2456.461824,0.622972735,1486.451266,0.377027265,2,0.640026497,0.645157087,-0.018107289,0,-1,
2,tmr,13,867.0408573,530.3641465,14.36980968,4.49710726,3.540863445,25.84215858,0,0,7.0.2,867,530,14,5,1795.661594,0.438771257,2296.20063,0.561228743,2,0.629092193,-0.404304806,-0.194337067,0,-1,
2,tmr,14,98.98837644,497.1388727,15.11319561,5.95391341,3.006841563,36.70464212,0,0,7.0.2,99,497,15,1,1940.271803,0.418294237,2698.169681,0.581705763,1,0.400781905,0.587000827,-0.189665187,0,2,93.72024016
2,tmr,14,63.84237138,488.0971124,19.54484673,1.760500381,2.609683418,4.243162821,0,0,7.0.2,64,488,20,1,4936.54598,1,0,0,0,0.039765618,-0.042315713,0.071020173,0,1,93.72024016
2,tmr,15,336.6141338,650.4713501,15.39509151,4.181762411,3.209494513,10.84067064,0,0,7.0.2,337,650,15,3,2023.261788,0.356365496,3654.247353,0.643634504,1,-0.239112469,0.701228031,-0.133502268,0,-1,
2,tmr,16,558.6407251,551.3711315,16.64676927,5.228128846,2.684964434,23.17599535,0,0,7.0.2,559,551,17,3,2607.743309,0.630900259,1525.54384,0.369099741,2,0.775143869,-0.471043137,-0.059874164,0,-1,
2,tmr,18,412.9150268,658.9229085,13.32550047,4.592518955,2.610351563,16.28287038,0,0,7.0.2,413,659,13,,,,,,,,,,,,
2,tmr,18,396.1983772,639.1181288,19.87198173,2.255361347,2.609407548,11.98393713,0,0,7.0.2,396,639,20,3,686.3303986,0.145355747,4033.693093,0.854644253,0,0.029682618,0.58960349,0.129844216,0,-1,
2,tmr,19,818.9569105,584.4761553,16.64405936,2.979696918,3.03256716,18.74473885,0,0,7.0.2,819,584,17,5,2141.900183,0.549205175,1758.099817,0.450794825,1,0.387945094,-0.251360705,-0.060557674,0,-1,
2,tmr,19,814.4295438,581.2904816,16.91141304,2.458201668,2.552790366,3.557918106,0,0,7.0.2,814,581,17,5,1760.951829,0.449605688,2155.706888,0.550394312,1,0.378300965,-0.278208098,-0.044830987,0,-1,
2,tmr,20,982.0649214,696.5069392,16.1903965,3.569524402,2.749378065,23.59488375,0,0,7.0.2,982,697,16,,,,,,,,,,,,
2,tmr,20,943.8902435,753.7513923,15.02531007,3.220033866,2.566567866,6.652133191,0,0,7.0.2,944,754,15,,,,,,,,,,,,
2,tmr,20,973.9817994,694.8952012,21.00469803,2.109550428,3.274616881,8.646194529,0,0,7.0.2,974,695,21,5,821.416584,0.209244859,3104.247434,0.790755141,2,0.716069401,0.674595845,0.195950483,0,-1,
2,tmr,20,942,749,18,2.45738908,2.928434091,3.634336598,0,0,7.0.2,942,749,18,5,662.8725368,0.168812066,3263.816784,0.831187934,2,0.527105668,0.866551215,0.01920354,0,-1,
2,tmr,21,781.3518571,709.6154472,14.41927977,3.497727887,2.376667754,12.62608496,0,0,7.0.2,781,710,14,5,665.8384203,0.168857947,3276.621138,0.831142053,1,0.068717444,0.280799901,-0.191427062,0,-1,
2,tmr,21,775.4590607,757.1789036,20.03118367,3.130980533,2.556508546,17.72655406,0,0,7.0.2,775,757,20,5,1802.001205,0.454826839,2159.998317,0.545173161,0,-0.025398444,0.503436113,0.138684933,0,-1,
2,tmr,21,771.8619616,739.718917,16.72668365,2.157108586,2.515762161,14.17948815,0,0,7.0.2,772,740,17,5,3803.645906,0.960012509,158.3242824,0.039987491,1,-0.009513269,0.407740491,-0.055697422,0,-1,
2,tmr,21,772.6435237,708.5242029,14.50754275,2.218460201,2.69304037,13.75129564,0,0,7.0.2,773,709,15,5,1527.252518,0.388467596,2404.269714,0.611532404,1,0.042223126,0.254246701,-0.186235121,0,-1,
2,tmr,22,529.2539875,701.9349793,18.44458153,4.779436154,2.736080414,7.127802007,0,0,7.0.2,529,702,18,5,679.7139387,0.167294987,3383.346919,0.832705013,2,-0.735981302,-0.368787667,0.045355395,0,-1,
2,tmr,22,528,706,17,3.503049462,3.158205765,3.81807933,0,0,7.0.2,528,706,17,5,1262.57673,0.310760394,2800.2857,0.689239606,2,-0.746456145,-0.351579612,-0.039619989,0,-1,
2,tmr,22,464,705,18,3.343004874,2.969624514,6.447690525,0,0,7.0.2,464,705,18,5,468.7216658,0.114189307,3636.055555,0.885810693,2,-0.95224294,-0.511758794,0.01920354,0,-1,
2,tmr,22,460.920851,709.2123063,19.84727699,2.20893826,3.598632813,2.798189075,0,0,7.0.2,461,709,20,5,564.2301744,0.138637496,3505.424561,0.861362504,2,-0.96886374,-0.498243028,0.127866892,0,-1,
2,tmr,23,621.0985101,726.1783325,18.09128301,4.66000323,2.955686748,44.7316762,0,0,7.0.2,621,726,18,5,3965.36912,0.997370932,10.52253622,0.002629068,0,-0.476638697,-0.025305182,0.024573129,0,-1,
2,tmr,23,579.0941422,751.8763082,17.67117503,3.871858443,3.059902578,9.800399796,0,0,7.0.2,579,752,18,5,761.6858192,0.18132789,3438.865994,0.81867211,2,-0.653269512,0.000843948,-0.000139105,0,-1,
2,tmr,27,705,949,21,2.728111868,3.156618607,4.270849763,0,0,7.0.2,705,949,21,6,700.0714249,0.158428488,3718.776681,0.841571512,2,0.648826066,0.759562566,0.158380811,0,-1,
2,tmr,27,674.6189611,912.2006828,20.82193593,2.380630335,3.238267699,16.04978659,0,0,7.0.2,675,912,21,6,4079.633091,1,0,0,0,0.491947623,0.058531612,0.147906454,0,-1,
2,tmr,28,492.0636997,943.8920705,20.41403392,2.82345606,2.705953492,20.64389245,0,0,7.0.2,492,944,20,6,1413.837446,0.353558022,2584.955139,0.646441978,2,-0.878197337,-0.118810162,0.123912218,0,-1,
2,tmr,28,567,922,19,1.985859839,4.195979607,7.616001888,0,0,7.0.2,567,922,19,6,2483.646513,0.616428432,1545.44492,0.383571568,0,-0.30075186,-0.187795408,0.040733752,0,-1,
2,tmrfret,1,99.51002223,24.61784299,16.06205621,2.678107199,2.932512148,11.43191536,0,0,7.0.2,100,25,16,,,,,,,,,,,,
2,tmrfret,1,134.7630054,8.536420386,15.32241739,2.746544304,-1,17.80117144,0,0,7.0.2,135,9,15,,,,,,,,,,,,
2,tmrfret,2,396.7948241,108.5643023,15.23276447,2.870388893,2.58649251,9.822881171,0,0,7.0.2,397,109,15,,,,,,,,,,,,
2,tmrfret,2,399,49,20,3.224913275,2.907182983,8.093694224,0,0,7.0.2,399,49,20,,,,,,,,,,,,
2,tmrfret,2,399.124389,86.82364275,16.87275145,2.704467378,3.157790268,25.52423661,0,0,7.0.2,399,87,17,,,,,,,,,,,,
2,tmrfret,3,335.8243894,142.8800939,13.33521529,3.348676242,3.956594188,6.500177096,0,0,7.0.2,336,143,13,,,,,,,,,,,,
2,tmrfret,3,354.6881454,105.141598,14.22422591,2.348676242,3.424451742,21.21969999,0,0,7.0.2,355,105,14,,,,,,,,,,,,
2,tmrfret,3,339.7814927,152.8379567,17.69148399,2.264205161,2.84665705,6.510054856,0,0,7.0.2,340,153,18,,,,,,,,,,,,
2,tmrfret,4,120.9000749,175.347043,17.07848331,4.513439309,3.056202793,30.15366547,0,0,7.0.2,121,175,17,,,,,,,,,,,,
2,tmrfret,5,259.0088048,217.3771079,11.7364473,4.113882077,2.642090097,19.66347463,0,0,7.0.2,259,217,12,,,,,,,,,,,,
2,tmrfret,5,263.3448013,219.5924542,14.29294509,2.277595251,3.507016522,12.70083456,0,0,7.0.2,263,220,14,,,,,,,,,,,,
2,tmrfret,6,604.875,281.125,14,3.616063877,2.524781147,1.806535927,0,0,7.0.2,605,281,14,7,169.1959436,0.034456762,4743.156429,0.965543238,2,0.900789151,0.069597651,-0.216801231,0,-1,
2,tmrfret,6,617,200,15,1.910651518,3.116710987,5.570676748,0,0,7.0.2,617,200,15,7,2006.913052,0.439378664,2560.703028,0.560621336,1,-0.289296281,0.538034001,-0.157977701,0,-1,
2,tmrfret,6,606,276,12,2.616063877,3.093844973,7.324917661,0,0,7.0.2,606,276,12,7,758.0237463,0.151836409,4234.347648,0.848163591,2,0.822777176,0.094421451,-0.33444829,0,-1,
2,tmrfret,7,771.1321382,230.5615932,15.0036489,10.14156236,2.914903982,39.94350082,0,0,7.0.2,771,231,15,,,,,,,,,,,,
2,tmrfret,7,855.7743956,257.7850136,18.43298594,6.512449677,3.521383942,33.90490083,0,0,7.0.2,856,258,18,,,,,,,,,,,,
2,tmrfret,8,529.7388636,259.6322544,14.09156173,3.937968584,3.344145467,16.30480468,0,0,7.0.2,530,260,14,4,1782.165671,0.43545912,2310.536803,0.56454088,2,0.634361394,-0.654263841,-0.201696355,0,-1,
2,tmrfret,8,517.4734616,243.4448161,14.81621566,3.076339115,3.768534926,7.32247109,0,0,7.0.2,517,243,15,4,1404.354876,0.2640662,3913.658951,0.7359338,2,0.573440884,-0.782100215,-0.159069653,0,-1,
2,tmrfret,9,475.1575322,288.6410683,14.08644866,2.435044605,3.268867955,8.178159671,0,0,7.0.2,475,289,14,4,266.0081507,0.050505921,4988.719271,0.949494079,1,0.288586785,-0.493896996,-0.201997124,0,-1,
2,tmrfret,9,420.2693775,304.2959719,16.15850246,2.206347437,3.146235435,11.20569573,0,0,7.0.2,420,304,16,4,3693.119022,0.938126412,243.632866,0.061873588,1,-0.049141723,-0.430182354,-0.080111606,0,-1,
2,tmrfret,10,964.5399762,314.4323998,14.09707876,3.066403259,2.693410799,9.741810901,0,0,7.0.2,965,314,14,,,,,,,,,,,,
2,tmrfret,10,961,322,14,2.066403259,2.502938208,12.684181,0,0,7.0.2,961,322,14,,,,,,,,,,,,
2,tmrfret,11,337.7740102,402.1307461,19.5462393,4.128646451,2.875372992,16.40243902,0,0,7.0.2,338,402,20,4,4936.128211,1,0,0,2,-0.611654644,0.201853606,0.119167031,0,-1,
2,tmrfret,11,327.510247,321.8416311,16.07084288,3.231293228,3.108804682,10.09712443,0,0,7.0.2,328,322,16,4,1426.710027,0.348723302,2664.543964,0.651276698,2,-0.613306062,-0.386815638,-0.085268052,0,-1,
2,tmrfret,12,549.9290423,427.0570052,12.17456013,6.295186827,2.502447762,59.08488036,0,0,7.0.2,550,427,12,4,3651.660027,0.935923638,250.012159,0.064076362,2,0.630599651,0.572184009,-0.314461155,0,-1,
2,tmrfret,12,562.3623647,426.7418429,15.25664972,2.75834498,2.845866863,8.249402698,0,0,7.0.2,562,427,15,4,2780.691709,0.707274557,1150.886457,0.292725443,2,0.704714368,0.581069841,-0.133161767,0,-1,
2,tmrfret,12,552.281838,437.1146678,16.77184029,2.302178794,2.296151723,10.29131334,0,0,7.0.2,552,437,17,4,2540.744035,0.639961035,1428.977644,0.360038965,2,0.637147331,0.646883296,-0.04403291,0,-1,
2,tmrfret,12,526.826783,425.1294993,14.9297944,2.807950112,2.767345556,16.5593083,0,0,7.0.2,527,425,15,4,4478.93832,1,0,0,1,0.494745006,0.537535918,-0.152388551,0,-1,
2,tmrfret,13,866.0034163,530.6204133,14.12306448,3.030219395,3.204810444,21.93659824,0,0,7.0.2,866,531,14,5,1828.553452,0.447981816,2253.023014,0.552018184,2,0.625326602,-0.405544035,-0.20885149,0,-1,
2,tmrfret,14,64.40789795,488.2800903,19,6.027818688,6.314483793,2.058785559,0,0,7.0.2,64,488,19,1,5100,1,0,0,0,0.045085486,-0.031636886,0.038970365,0,1,83.41653266
2,tmrfret,14,99.3075091,497.1504538,14.64908311,5.027818688,3.14425708,36.88404545,0,0,7.0.2,99,497,15,1,1879.3624,0.405733263,2752.60041,0.594266737,1,0.404980165,0.591675591,-0.216965922,0,2,83.41653266
2,tmrfret,15,336.8536893,650.4886936,15.31419251,10000000,3.586917854,6.349705808,0,0,7.0.2,337,650,15,3,2018.782438,0.354944929,3668.780279,0.645055071,1,-0.238045827,0.701618057,-0.138261032,0,-1,
2,tmrfret,16,557.9389542,551.5762882,16.39669587,4.230885042,2.955567488,25.30111953,0,0,7.0.2,558,552,16,3,2636.855841,0.63971184,1485.001669,0.36028816,2,0.771962138,-0.468777084,-0.074584364,0,-1,
2,tmrfret,18,395.0666809,638.9333496,20,3.532751447,11.11193443,1.643258623,0,0,7.0.2,395,639,20,3,567.7346489,0.120529083,4142.715721,0.879470917,0,0.024666555,0.586391379,0.137374702,0,-1,
2,tmrfret,18,412.6469998,658.689014,13.00710107,2.532751447,2.848684205,8.9817172,0,0,7.0.2,413,659,13,,,,,,,,,,,,
2,tmrfret,19,818.0655831,584.7149299,16.132649,2.895626472,2.695073892,21.29235429,0,0,7.0.2,818,585,16,5,2172.940893,0.557164332,1727.059107,0.442835668,1,0.384680512,-0.252332746,-0.090640637,0,-1,
2,tmrfret,19,813.4069051,581.230972,16.43133587,1.993558765,2.328283062,3.120326069,0,0,7.0.2,813,581,16,5,1783.448454,0.455786342,2129.46036,0.544213658,1,0.375081416,-0.280984397,-0.073070821,0,-1,
2,tmrfret,20,941.2537842,749.0620117,18,4.995634445,2.423103415,1.967259996,0,0,7.0.2,941,749,18,5,683.1418764,0.173850289,3246.348331,0.826149711,2,0.524590068,0.865050563,0.01920354,0,-1,
2,tmrfret,20,972.1275269,694.9865399,20.41423096,3.995634445,3.20043277,4.953715034,0,0,7.0.2,972,695,20,5,1055.663466,0.265228586,2924.796667,0.734771414,2,0.709917369,0.670554277,0.161217126,0,-1,
2,tmrfret,20,982,696,16,2.995634445,2.308771184,17.65870098,0,0,7.0.2,982,696,16,,,,,,,,,,,,
2,tmrfret,20,943,753,15,2.329806788,2.832195389,3.83914615,0,0,7.0.2,943,753,15,5,183.8477631,0.046315036,3785.657142,0.953684964,2,0.524036447,0.888901232,-0.157267048,0,-1,
2,tmrfret,21,772.1333618,739.333313,17,3.87625959,2.488346457,8.512717661,0,0,7.0.2,772,739,17,5,3839.977219,0.962041592,151.3332191,0.037958408,1,-0.008025694,0.406477834,-0.039619989,0,-1,
2,tmrfret,21,776,757,16,2.152098471,3.254882813,16.2276648,0,0,7.0.2,776,757,16,5,1614.9613,0.410979158,2314.584196,0.589020842,1,-0.023363577,0.503856708,-0.098443519,0,-1,
2,tmrfret,21,780.4751459,709.5479676,14.88284773,2.87625959,2.843537195,10.62696808,0,0,7.0.2,780,710,15,5,734.9307588,0.187462601,3185.4947,0.812537399,1,0.06598328,0.278337771,-0.164158358,0,-1,
2,tmrfret,21,771.8058648,708.5758178,14.32958656,1.910117011,2.742157098,7.747430076,0,0,7.0.2,772,709,14,5,1626.948934,0.414136248,2301.641797,0.585863752,1,0.039427644,0.252472512,-0.196703133,0,-1,
2,tmrfret,22,528.7471243,701.791986,18.19407326,3.731381062,3.091946218,7.628283067,0,0,7.0.2,529,702,18,5,690.5974644,0.17016146,3367.828751,0.82983854,2,-0.737398025,-0.370729081,0.030619614,0,-1,
2,tmrfret,22,527.3760729,706.2175956,17.92290013,2.328346604,3.577148438,2.696994975,0,0,7.0.2,527,706,18,5,1288.165696,0.318170023,2760.448902,0.681829977,2,-0.748820927,-0.352008714,0.014668253,0,-1,
2,tmrfret,22,464.0489954,705.7177048,17.66820133,2.653930382,3.222433226,9.053778271,0,0,7.0.2,464,706,18,5,528.9932435,0.128644411,3583.721786,0.871355589,2,-0.953216242,-0.508064906,-0.000314029,0,-1,
2,tmrfret,22,460,709,20,1.748398913,3.58748659,3.459936046,0,0,7.0.2,460,709,20,5,468.7216658,0.114795659,3614.374081,0.885204341,2,-0.971512482,-0.501533615,0.136850599,0,-1,
2,tmrfret,23,620.3921721,725.7495314,18.20702914,3.484228962,2.758250878,37.50380768,0,0,7.0.2,620,726,18,5,3966.550119,0.995762405,16.86688836,0.004237595,0,-0.47825092,-0.029154,0.031381725,0,-1,
2,tmrfret,23,578.9633105,751.5711596,17.1870377,2.959530461,2.759496832,9.022371681,0,0,7.0.2,579,752,17,5,729.0402313,0.174364938,3451.558478,0.825635062,2,-0.653212098,-0.00099334,-0.028617772,0,-1,
2,tmrfret,27,704,948,21,2.205920988,3.955089788,3.063035181,0,0,7.0.2,704,948,21,6,872.0665112,0.197145134,3551.408171,0.802854866,2,0.643305149,0.739859773,0.158380811,0,-1,
2,tmrfret,27,674.2606104,911.4474533,20.2849513,1.789250637,3.189897778,11.54505628,0,0,7.0.2,674,911,20,6,3944.773325,0.990473029,37.97705482,0.009526971,0,0.490636905,0.045168597,0.116319123,0,-1,
2,tmrfret,28,565.1973877,922.0394897,20,3.052383027,6.733218246,3.552422612,0,0,7.0.2,565,922,20,6,2669.426987,0.669460977,1318.062258,0.330539023,0,-0.313818768,-0.193910837,0.099557282,0,-1,
2,tmrfret,28,491.6060706,943.4194445,19.82494603,2.052383027,3.096119182,24.20914632,0,0,7.0.2,492,943,20,6,1290.946023,0.323834933,2695.562186,0.676165067,2,-0.88069851,-0.128066095,0.089259989,0,-1,
3,Cy5,1,508.7857056,148.5238037,22,10000001,3.786398424,0.868380383,0,0,7.0.2,509,149,22,,,,,,,,,,,,
3,Cy5,1,543.2381768,115.2292889,18.04209316,10000000,4.411660002,4.132826112,0,0,7.0.2,543,115,18,,,,,,,,,,,,
3,Cy5,2,181,188,15,6.504050078,3.622381346,5.666533297,0,0,7.0.2,181,188,15,2,984.2763839,0.194044818,4088.141387,0.805955182,2,0.610011626,0.610416974,-0.15983454,0,-1,
3,Cy5,3,886.2000122,218.1999969,17,8.838174684,2.301224882,2.677897704,0,0,7.0.2,886,218,17,,,,,,,,,,,,
3,Cy5,3,889.3585568,180.0113493,20.464946,7.838174684,3.480583397,11.78031364,0,0,7.0.2,889,180,20,,,,,,,,,,,,
3,Cy5,4,120.2577269,250.1475744,15.10986621,10.84634604,3.522688514,6.147760858,0,0,7.0.2,120,250,15,2,923.2919345,0.265068215,2559.53946,0.734931785,2,-0.50810455,0.766598016,-0.153371822,0,-1,
3,Cy5,4,124.0319519,194.2387238,20,9.846346043,3.43977134,16.31419127,0,0,7.0.2,124,194,20,2,3189.058687,0.867223306,488.7424895,0.132776694,0,0.00484312,-0.173714811,0.134283107,0,-1,
3,Cy5,5,295.769466,263.35913,17.98130783,10000001,3.601339423,4.355795447,0,0,7.0.2,296,263,18,5,2956.766968,0.77470566,859.9101774,0.22529434,0,-0.261780061,0.053595161,0.016597969,0,1,71.57247931
3,Cy5,5,286.7795812,238.6829253,17.75304247,10000000,3.335095221,6.120576058,0,0,7.0.2,287,239,18,5,2043.200286,0.539428612,1744.548405,0.460571388,0,-0.262818379,-0.437296475,0.003170595,0,2,71.57247931
3,Cy5,6,589.1071167,284.8928528,27,10000002,1.654364722,0.72638203,0,0,7.0.2,589,285,27,,,,,,,,,,,,
3,Cy5,6,535.3214111,317.6785583,16,10000001,3.609128837,2.207137326,0,0,7.0.2,535,318,16,,,,,,,,,,,,
3,Cy5,6,540.6785889,314.6785583,18,10000000,3.555664063,3.984877338,0,0,7.0.2,541,315,18,,,,,,,,,,,,
3,Cy5,7,125.680954,351.323822,20,8.40303197,2.609717991,11.43129477,0,0,7.0.2,126,351,20,3,4774.169998,1,0,0,0,-0.12114135,-0.020208883,0.052252095,0,1,52.12803504
3,Cy5,7,91.61494666,350.5838493,16.02538347,7.40303197,3.01277902,13.96700258,0,0,7.0.2,92,351,16,3,830.7073638,0.189165732,3561.222113,0.810834268,2,-0.513052479,-0.51667936,-0.181548878,0,2,52.12803504
3,Cy5,8,618.4191895,304.1409912,26,8.597876018,3.501450909,2.345727906,0,0,7.0.2,618,304,26,,,,,,,,,,,,
3,Cy5,8,600.6981747,363.2721709,19.7747389,7.597876018,3.480485703,21.15980407,0,0,7.0.2,601,363,20,,,,,,,,,,,,
3,Cy5,9,428.8039445,437.8741426,19.44527204,10000002,3.299775543,10.46376605,0,0,7.0.2,429,438,19,,,,,,,,,,,,
3,Cy5,9,422.3646208,387.7894904,15.89093478,10000001,2.51198369,6.719951927,0,0,7.0.2,422,388,16,,,,,,,,,,,,
3,Cy5,9,407.2293625,388.8139882,17.84872921,10000000,2.959445597,8.224767866,0,0,7.0.2,407,389,18,,,,,,,,,,,,
3,Cy5,10,883.4511108,416.5902405,25,10000002,6.479758084,3.408261485,0,0,7.0.2,883,417,25,,,,,,,,,,,,
3,Cy5,10,901.045105,394.8909912,19,10000001,3.78495197,2.992274621,0,0,7.0.2,901,395,19,,,,,,,,,,,,
3,Cy5,10,898.112793,393.9135437,17,10000000,3.68981936,10.06454259,0,0,7.0.2,898,394,17,,,,,,,,,,,,
3,Cy5,11,705.5618896,401.7714233,16,10000001,3.017864258,3.297157192,0,0,7.0.2,706,402,16,,,,,,,,,,,,
3,Cy5,11,711.9943267,419.0507572,22.5411228,10000000,2.606126211,4.273974881,0,0,7.0.2,712,419,23,,,,,,,,,,,,
3,Cy5,12,616.3588503,424.7591526,19.67010934,13.04543747,6.474920511,3.674723657,0,0,7.0.2,616,425,20,,,,,,,,,,,,
3,Cy5,12,643.094917,483.7325717,22.65318384,12.04543747,3.189379799,4.528927816,0,0,7.0.2,643,484,23,,,,,,,,,,,,
3,Cy5,13,819.0142822,447.4742737,28,6.84033371,8.014422886,0.329521247,0,0,7.0.2,819,447,28,,,,,,,,,,,,
3,Cy5,13,859.7739803,443.0347142,20.22987047,5.84033371,3.700506885,14.72558509,0,0,7.0.2,860,443,20,,,,,,,,,,,,
3,Cy5,14,559.4930081,567.9888215,19.04007275,11.67777702,4.507197542,4.132671605,0,0,7.0.2,559,568,19,,,,,,,,,,,,
3,Cy5,14,559.043689,559.5210027,19.19312844,10.67777702,3.754894805,13.43301956,0,0,7.0.2,559,560,19,,,,,,,,,,,,
3,Cy5,15,285.0131531,526.6710815,16,10000003,5.180210222,3.232076974,0,0,7.0.2,285,527,16,4,4778.876749,0.991212216,42.75939941,0.008787784,1,0.253213565,-0.13245887,-0.122079761,0,-1,
3,Cy5,15,284.4342041,523.1973877,15,10000002,5.581825801,3.540787278,0,0,7.0.2,284,523,15,4,4377.239351,0.895195678,512.3746234,0.104804322,1,0.271419132,-0.18053778,-0.18090329,0,-1,
3,Cy5,15,282.2413314,522.9342417,15.32960848,10000001,3.948748768,2.52775178,0,0,7.0.2,282,523,15,4,4439.716245,0.905066077,465.9962724,0.094933923,1,0.24568438,-0.199961879,-0.161514556,0,-1,
3,Cy5,15,225.9605255,522.6184082,20,10000000,3.950033377,3.004537088,0,0,7.0.2,226,523,20,4,789.4278658,0.156600034,4250.798343,0.843399966,0,-0.462085155,-0.617261568,0.113214357,0,-1,
3,Cy5,16,749.9238281,509.0380859,20,10000001,2.362689982,3.628536216,0,0,7.0.2,750,509,20,,,,,,,,,,,,
3,Cy5,16,765.2761841,604.9904785,17,10000000,3.417228325,2.726471777,0,0,7.0.2,765,605,17,,,,,,,,,,,,
3,Cy5,17,114.3324393,529.1684626,24.56673411,15.67041739,3.052399297,12.24818114,0,0,7.0.2,114,529,25,1,2965.034165,0.70269677,1255.429275,0.29730323,2,0.502987663,0.129290056,0.323048052,0,1,21.09958234
3,Cy5,17,118.9455019,519.8248299,19.16203799,6.502606025,2.847434233,7.616223767,0,0,7.0.2,119,520,19,1,2252.634343,0.542897543,1896.717144,0.457102457,2,0.658489238,0.087830896,0.005124751,0,2,21.09958234
3,Cy5,18,683.5825455,504.0184467,17.08212874,10000000,3.30753699,4.225995633,0,0,7.0.2,684,504,17,,,,,,,,,,,,
3,Cy5,19,863.7000122,531.6400146,21,9.891602545,4.772173901,5.529309607,0,0,7.0.2,864,532,21,,,,,,,,,,,,
3,Cy5,19,909.1040053,510.8953788,16.5118326,8.891602545,3.876617628,5.818294549,0,0,7.0.2,909,511,17,,,,,,,,,,,,
3,Cy5,20,628.6224112,665.4635136,26.31171524,10000001,3.16937343,11.20020481,0,0,7.0.2,629,665,26,,,,,,,,,,,,
3,Cy5,20,698.1336443,672.9243433,22.15970428,10000000,3.434397249,7.233545437,0,0,7.0.2,698,673,22,,,,,,,,,,,,
3,Cy5,21,474.7200012,618.6971436,20,8.846785348,3.729984393,8.879362729,0,0,7.0.2,475,619,20,,,,,,,,,,,,
3,Cy5,21,426.94366,670.7797805,21.7997754,7.846785348,3.019810825,11.83645845,0,0,7.0.2,427,671,22,,,,,,,,,,,,
3,Cy5,22,300.1738596,729.8973758,17.28893798,11.07562033,4.141825437,15.78724223,0,0,7.0.2,300,730,17,,,,,,,,,,,,
3,Cy5,22,358.6244457,725.3936478,22.00998727,9.075620327,3.633201851,9.137637986,0,0,7.0.2,359,725,22,,,,,,,,,,,,
3,Cy5,23,135.4541915,699.925507,24.03353322,13.13199467,3.565728154,13.21294312,0,0,7.0.2,135,700,24,,,,,,,,,,,,
3,Cy5,23,155,667,18,6.447322394,3.213467667,5.142908369,0,0,7.0.2,155,667,18,,,,,,,,,,,,
3,Cy5,24,563.0866699,702.6571655,18,10.28114472,3.045919647,1.520127467,0,0,7.0.2,563,703,18,,,,,,,,,,,,
3,Cy5,24,564.8829607,707.2067765,19.97324463,9.281144722,6.006708654,4.314399709,0,0,7.0.2,565,707,20,,,,,,,,,,,,
3,Cy5,24,552,759,20,8.281144722,3.051321803,10.10129597,0,0,7.0.2,552,759,20,,,,,,,,,,,,
3,Cy5,25,836.9428711,781.2571411,19,9.354853542,5.789582908,4.767737296,0,0,7.0.2,837,781,19,,,,,,,,,,,,
3,Cy5,25,835.6860055,785.2123519,17.25098047,8.354853542,3.165561379,5.591937917,0,0,7.0.2,836,785,17,,,,,,,,,,,,
3,Cy5,25,804.0655694,756.7716181,17.21325468,5.55536897,2.838744407,21.32850081,0,0,7.0.2,804,757,17,,,,,,,,,,,,
3,Cy5,25,795.0525819,760.4899286,17.4638646,7.354853542,2.746755776,14.89535364,0,0,7.0.2,795,760,17,,,,,,,,,,,,
3,Cy5,26,229.4445496,775.852417,19,10000001,8.006415208,5.002850471,0,0,7.0.2,229,776,19,,,,,,,,,,,,
3,Cy5,26,241.1964261,737.3028327,20.00103928,10000000,3.791357018,5.252082335,0,0,7.0.2,241,737,20,,,,,,,,,,,,
3,Cy5,27,727.5498047,790.7509155,26,10000001,6.031562531,3.420693866,0,0,7.0.2,728,791,26,,,,,,,,,,,,
3,Cy5,27,673.6456909,832.8280029,25,10000000,4.862999857,3.508942797,0,0,7.0.2,674,833,25,,,,,,,,,,,,
3,Cy5,28,404.7196681,830.8775991,21.25191088,8.100402729,3.425472391,8.809230084,0,0,7.0.2,405,831,21,,,,,,,,,,,,
3,Cy5,28,382,801,20,7.100402729,3.474039831,5.374550643,0,0,7.0.2,382,801,20,,,,,,,,,,,,
3,Cy5,28,394,815,18,5.933405167,4.081854484,6.7095371,0,0,7.0.2,394,815,18,,,,,,,,,,,,
3,Cy5,29,502.2647705,836.9638062,22,13.31633422,2.78517157,2.730876561,0,0,7.0.2,502,837,22,,,,,,,,,,,,
3,Cy5,29,488.7181091,856.0742798,22,12.31633422,2.836662736,5.760483959,0,0,7.0.2,489,856,22,,,,,,,,,,,,
3,Cy5,30,753.8181152,908.0285645,21,10000002,3.822317633,1.448674613,0,0,7.0.2,754,908,21,,,,,,,,,,,,
3,Cy5,30,803.4068269,907.8719088,19.38527466,10000001,3.158114864,5.228301913,0,0,7.0.2,803,908,19,,,,,,,,,,,,
3,Cy5,30,755.7972024,903.8934901,21.55421832,10000000,3.254958043,5.169613188,0,0,7.0.2,756,904,22,,,,,,,,,,,,
3,Cy5,31,581.4313795,911.7323758,15.64154453,10.62965929,3.536074319,6.800976427,0,0,7.0.2,581,912,16,,,,,,,,,,,,
3,Cy5,31,581.1838379,855.8018799,20,9.629659291,2.690357493,3.916409325,0,0,7.0.2,581,856,20,,,,,,,,,,,,
3,Cy5,31,581.2681063,865.7187058,18.41670179,8.629659291,2.745993213,20.96196039,0,0,7.0.2,581,866,18,,,,,,,,,,,,
3,Cy5,32,325.2025602,967.8166231,20.84524147,10.59390158,3.561779052,7.441901777,0,0,7.0.2,325,968,21,,,,,,,,,,,,
3,Cy5,32,316.3457031,954.4228516,18,9.593901583,4.134484146,4.110996124,0,0,7.0.2,316,954,18,,,,,,,,,,,,
3,Cy5,32,347.7705167,894.3570532,16.53180656,8.593901583,2.933975345,22.74088783,0,0,7.0.2,348,894,17,,,,,,,,,,,,
3,tmr,1,543.755424,113.6471478,18.07412647,2.628409193,2.4865415,5.221503586,0,0,7.0.2,544,114,18,,,,,,,,,,,,
3,tmr,1,509.8336144,148.0136755,20.68873535,2.221677252,3.085636355,17.73459962,0,0,7.0.2,510,148,21,,,,,,,,,,,,
3,tmr,2,180.5445251,186.986198,15.18751459,4.911100831,3.320086914,7.084282221,0,0,7.0.2,181,187,15,2,1111.514956,0.217819104,3992.11795,0.782180896,2,0.614236335,0.585128936,-0.14880427,0,-1,
3,tmr,3,890.8890482,178.9163154,20.22433362,5.753650306,3.362565519,29.56102811,0,0,7.0.2,891,179,20,,,,,,,,,,,,
3,tmr,3,886.7979149,217.266233,17.53295681,1.814899245,2.589421349,8.241944082,0,0,7.0.2,887,217,18,,,,,,,,,,,,
3,tmr,4,124.1634064,192.842907,19.71274899,3.761117647,3.767872867,19.23926777,0,0,7.0.2,124,193,20,2,3093.4837,0.819662161,681.4155921,0.180337839,0,0.018010066,-0.196605292,0.117385989,0,-1,
3,tmr,4,120.0720468,249.5495186,14.83348542,2.551321185,2.872233343,9.139814734,0,0,7.0.2,120,250,15,2,1011.014612,0.289200027,2484.970175,0.710799973,2,-0.504807975,0.752985392,-0.169629515,0,-1,
3,tmr,5,287.5958365,238.402676,17.19108029,2.324333758,2.922680859,8.902564263,0,0,7.0.2,288,238,17,5,2142.551043,0.566422209,1640.06694,0.433577791,1,-0.247811258,-0.437032404,-0.029886005,0,2,70.20017058
3,tmr,5,295.9096049,262.255336,17.99036784,2.026741928,2.438336126,7.524319152,0,0,7.0.2,296,262,18,5,3072.842333,0.808466293,728.0237416,0.191533707,0,-0.252958192,0.035084921,0.01713091,0,1,70.20017058
3,tmr,6,536.5900647,316.7018517,16.13840207,4.083015313,3.0812325,7.721305867,0,0,7.0.2,537,317,16,,,,,,,,,,,,
3,tmr,6,541.0661908,314.6049217,18.05584548,2.460040921,3.129963304,5.397235015,0,0,7.0.2,541,315,18,,,,,,,,,,,,
3,tmr,6,589.7412089,283.7651952,25.94192413,2.185702167,2.092005256,19.09816442,0,0,7.0.2,590,284,26,,,,,,,,,,,,
3,tmr,7,91.69845894,349.9364619,15.73007089,8.097471923,3.009470814,45.52149991,0,0,7.0.2,92,350,16,3,817.2618789,0.186965404,3549.351602,0.813034596,2,-0.50338807,-0.52363056,-0.198920205,0,2,59.14271402
3,tmr,7,125.7117131,350.7285197,20.75892385,4.331510564,2.738671659,13.34857551,0,0,7.0.2,126,351,21,3,4567.72506,1,0,0,0,-0.112797488,-0.027259142,0.096894675,0,1,59.14271402
3,tmr,8,602.018484,363.6696274,19.45825973,4.306491416,2.74561781,18.45941513,0,0,7.0.2,602,364,19,,,,,,,,,,,,
3,tmr,8,619,304,26,3.150319612,2.498823611,5.452663527,0,0,7.0.2,619,304,26,,,,,,,,,,,,
3,tmr,9,407.8502491,388.3701398,17.90168692,3.853383488,2.787710387,9.172285982,0,0,7.0.2,408,388,18,,,,,,,,,,,,
3,tmr,9,423.0638608,387.5189644,16.19174246,3.804399781,2.479171669,19.12107485,0,0,7.0.2,423,388,16,,,,,,,,,,,,
3,tmr,9,429.1802684,437.2020256,19.50359849,3.18848051,2.738499944,20.33082779,0,0,7.0.2,429,437,20,,,,,,,,,,,,
3,tmr,10,899.1965601,393.7809605,17.59953482,4.369159144,2.900892264,12.92743769,0,0,7.0.2,899,394,18,,,,,,,,,,,,
3,tmr,10,902.5719833,394.7055471,19.38892195,2.976756301,4.308393126,17.17191106,0,0,7.0.2,903,395,19,,,,,,,,,,,,
3,tmr,10,885,417,25,1.820440704,2.93268604,5.939018491,0,0,7.0.2,885,417,25,,,,,,,,,,,,
3,tmr,11,713.0478116,418.7068845,21.62116232,3.137889074,3.081287888,13.45899504,0,0,7.0.2,713,419,22,,,,,,,,,,,,
3,tmr,11,706.5519031,402.4021951,15.80975735,2.47429255,3.211375382,7.090900671,0,0,7.0.2,707,402,16,,,,,,,,,,,,
3,tmr,12,644.3406747,484.2625677,23.05033812,3.242901818,2.52326224,13.02104544,0,0,7.0.2,644,484,23,,,,,,,,,,,,
3,tmr,12,617.5633352,424.9574405,20.60329571,2.536995646,2.146463052,17.70120403,0,0,7.0.2,618,425,21,,,,,,,,,,,,
3,tmr,13,861.3276606,442.381093,20.73266797,2.329876674,2.621594318,18.79742959,0,0,7.0.2,861,442,21,,,,,,,,,,,,
3,tmr,13,819,447,28,2.110552477,2.437993463,6.070792863,0,0,7.0.2,819,447,28,,,,,,,,,,,,
3,tmr,14,559.6639432,558.9498329,19.92182292,7.580981399,2.908552446,40.70721788,0,0,7.0.2,560,559,20,,,,,,,,,,,,
3,tmr,14,560.9692717,569.1680139,18.43879577,3.314228073,3.222907944,14.74135533,0,0,7.0.2,561,569,18,,,,,,,,,,,,
3,tmr,15,284,524,15.46439783,4.392981085,3.340820313,8.390613089,0,0,7.0.2,284,524,15,4,4506.580113,0.926389651,358.7334151,0.073610349,1,0.260046602,-0.173600013,-0.153585771,0,-1,
3,tmr,15,226.8303979,523.5789336,19.14902259,3.989216482,3.883832939,15.99914135,0,0,7.0.2,227,524,19,4,895.9927296,0.179414671,4096.721183,0.820585329,0,-0.458163972,-0.598754555,0.063156862,0,-1,
3,tmr,15,282.1233097,522.8335473,16.13365532,3.248432091,3.897409988,2.429874187,0,0,7.0.2,282,523,16,4,4457.820599,0.916065557,408.4298347,0.083934443,1,0.244934793,-0.202099056,-0.114217683,0,-1,
3,tmr,15,285.3269847,526.3536417,17.38124823,3.029772983,3.645612787,9.46619166,0,0,7.0.2,285,526,17,4,4842.24177,0.989397172,51.99159548,0.010602828,1,0.259504359,-0.134159259,-0.040829865,0,-1,
3,tmr,16,766.1690162,604.1910491,17.09914269,3.468673842,3.032346637,5.999899515,0,0,7.0.2,766,604,17,,,,,,,,,,,,
3,tmr,16,750.1455558,509.2312997,19.66158494,1.833974761,2.355547178,12.79691682,0,0,7.0.2,750,509,20,,,,,,,,,,,,
3,tmr,17,118.9203137,519.4903208,19.42930791,4.865189675,2.694722843,9.504476474,0,0,7.0.2,119,519,19,1,2214.486486,0.532149614,1947.010179,0.467850386,2,0.662351317,0.082817601,0.020846511,0,2,20.66642607
3,tmr,17,114.1502273,529.0856744,24.66029881,2.304804823,2.547130692,16.48098197,0,0,7.0.2,114,529,25,1,2976.19068,0.703361144,1256.078269,0.296638856,2,0.502367143,0.124786547,0.328551858,0,1,20.66642607
3,tmr,18,684.3493177,503.3739752,16.84475599,3.532161847,2.965921146,9.20526626,0,0,7.0.2,684,503,17,,,,,,,,,,,,
3,tmr,19,910.4827253,510.1802654,16.09566555,8.434676784,2.882741305,30.96547064,0,0,7.0.2,910,510,16,,,,,,,,,,,,
3,tmr,19,865.7856109,531.7242522,20.73382385,4.281830769,3.357651549,18.86882814,0,0,7.0.2,866,532,21,,,,,,,,,,,,
3,tmr,20,699.1352029,673.8863427,22.48929695,3.813549305,2.599555688,17.9347219,0,0,7.0.2,699,674,22,,,,,,,,,,,,
3,tmr,20,629,666,28,2.754445516,3.050281339,14.98985338,0,0,7.0.2,629,666,28,,,,,,,,,,,,
3,tmr,21,427.6723967,670.7431145,22.17250622,5.611461097,2.745625123,28.84442679,0,0,7.0.2,428,671,22,,,,,,,,,,,,
3,tmr,21,475.9310407,619.3925741,19.95130093,4.746803739,2.641452265,19.84500213,0,0,7.0.2,476,619,20,,,,,,,,,,,,
3,tmr,22,358.9756187,726.1366883,22.61521891,6.756439606,3.049822974,30.98278402,0,0,7.0.2,359,726,23,,,,,,,,,,,,
3,tmr,22,300.2279826,728.909537,17.45008123,4.832597628,4.315690819,17.21112158,0,0,7.0.2,300,729,17,,,,,,,,,,,,
3,tmr,23,154.8639469,667.8171926,18.01591461,6.398124906,2.852445812,11.0941934,0,0,7.0.2,155,668,18,,,,,,,,,,,,
3,tmr,23,135.4179543,699.8689618,24.28673242,3.241998541,2.975084638,17.17764993,0,0,7.0.2,135,700,24,,,,,,,,,,,,
3,tmr,24,553.0322391,759.2355887,19.7868131,5.116202427,2.900552644,17.22596001,0,0,7.0.2,553,759,20,,,,,,,,,,,,
3,tmr,24,565.9976028,706.6877451,19.11094844,3.526346493,3.376984075,8.915217194,0,0,7.0.2,566,707,19,,,,,,,,,,,,
3,tmr,24,562.8311432,703.2835508,18.8856087,2.909293234,3.247387989,1.536976233,0,0,7.0.2,563,703,19,,,,,,,,,,,,
3,tmr,25,796.2669611,760.6504392,17.8210612,5.275121672,2.801826605,29.42147469,0,0,7.0.2,796,761,18,,,,,,,,,,,,
3,tmr,25,805.3567872,757.1120718,17.35224119,4.141805101,2.652028058,22.25975231,0,0,7.0.2,805,757,17,,,,,,,,,,,,
3,tmr,25,837,786,17,3.475392699,3.260986582,3.94324988,0,0,7.0.2,837,786,17,,,,,,,,,,,,
3,tmr,25,838,781,18,2.965990981,3.222560725,4.556228657,0,0,7.0.2,838,781,18,,,,,,,,,,,,
3,tmr,26,242.0956638,736.9453831,21.18130718,3.380920595,2.986041709,7.065329176,0,0,7.0.2,242,737,21,,,,,,,,,,,,
3,tmr,26,229.4529126,776.4402342,19.50928079,3.367437704,2.606903509,7.142072542,0,0,7.0.2,229,776,20,,,,,,,,,,,,
3,tmr,27,674.2692092,832.4149048,24.16729706,3.507887745,3.713645848,8.585947228,0,0,7.0.2,674,832,24,,,,,,,,,,,,
3,tmr,27,729,791,25,1.581106714,3.286015697,9.234862218,0,0,7.0.2,729,791,25,,,,,,,,,,,,
3,tmr,28,383.5114735,802.712391,20.27478776,5.804681681,3.13944075,11.77403095,0,0,7.0.2,384,803,20,,,,,,,,,,,,
3,tmr,28,405.5145593,831.3117436,21.09826534,4.585654496,2.802220918,27.03163336,0,0,7.0.2,406,831,21,,,,,,,,,,,,
3,tmr,28,395.3703883,815.8030541,18.09712388,4.224430214,2.897350597,23.53424637,0,0,7.0.2,395,816,18,,,,,,,,,,,,
3,tmr,29,490,857,21,1.751441523,2.880741841,8.068090828,0,0,7.0.2,490,857,21,,,,,,,,,,,,
3,tmr,29,503.0279642,838.478948,21.84503617,2.27633067,2.952958975,16.65541385,0,0,7.0.2,503,838,22,,,,,,,,,,,,
3,tmr,30,757.1812458,904.5429641,21.49407201,3.774558876,3.193751779,23.23805175,0,0,7.0.2,757,905,21,,,,,,,,,,,,
3,tmr,30,804.4971475,908.5308839,19.72957905,3.182558187,3.139443945,15.16589623,0,0,7.0.2,804,909,20,,,,,,,,,,,,
3,tmr,30,755,909,21,2.600551108,3.211742508,1.615329456,0,0,7.0.2,755,909,21,,,,,,,,,,,,
3,tmr,31,582.0690684,865.9674334,18.50444758,6.648139194,2.749860336,25.74279016,0,0,7.0.2,582,866,19,,,,,,,,,,,,
3,tmr,31,582.181784,913.0592341,15.37478688,3.236899877,2.683344152,18.15265446,0,0,7.0.2,582,913,15,,,,,,,,,,,,
3,tmr,31,581.427157,857.8152952,19.78937065,3.06912371,2.702341229,6.478324686,0,0,7.0.2,581,858,20,,,,,,,,,,,,
3,tmr,32,348.3480291,895.2704256,16.65604345,6.882297188,2.815959683,48.07339965,0,0,7.0.2,348,895,17,,,,,,,,,,,,
3,tmr,32,316.9930759,955.71177,16.93839495,2.678104319,2.426556083,7.372671136,0,0,7.0.2,317,956,17,,,,,,,,,,,,
3,tmr,32,325.5315007,968.1146732,20.8079992,2.613741407,2.782380361,12.39926852,0,0,7.0.2,326,968,21,,,,,,,,,,,,
3,tmrfret,1,509.0306702,149.1814411,20.21742586,3.142482005,2.974415411,5.340845319,0,0,7.0.2,509,149,20,,,,,,,,,,,,
3,tmrfret,1,542.8555914,115.1544732,18.16671776,2.142482005,2.944987473,5.048974185,0,0,7.0.2,543,115,18,,,,,,,,,,,,
3,tmrfret,2,180.1243934,187.4068873,15.01640824,3.859083035,3.568558482,6.424072942,0,0,7.0.2,180,187,15,2,1095.632966,0.216690206,3959.385562,0.783309794,2,0.606580809,0.586045359,-0.15886935,0,-1,
3,tmrfret,3,885.4000244,217.6666718,17,6.326751252,3.768963589,4.897046081,0,0,7.0.2,885,218,17,,,,,,,,,,,,
3,tmrfret,3,889.3685597,179.9235016,20.3498524,5.326751252,3.174352723,26.38121427,0,0,7.0.2,889,180,20,,,,,,,,,,,,
3,tmrfret,4,124.102306,193.8339752,19.37713804,3.081766268,4.134007109,13.82267923,0,0,7.0.2,124,194,19,2,3117.731649,0.833664789,622.7558593,0.166335211,0,0.008973533,-0.179845594,0.097644168,0,-1,
3,tmrfret,4,120.0715724,250.2075654,14.99636836,2.081766268,3.075893508,12.65416917,0,0,7.0.2,120,250,15,2,941.6543252,0.269543783,2552.040898,0.730456217,2,-0.510419515,0.764743843,-0.160048166,0,-1,
3,tmrfret,5,295.6704982,262.9844815,17.68788115,2.843872623,2.942574575,6.215651107,0,0,7.0.2,296,263,18,5,3000.74566,0.787443065,809.9103316,0.212556935,1,-0.261182188,0.046380734,-0.000662424,0,1,70.29067004
3,tmrfret,5,287.1858687,239.1827299,16.97924403,1.843872623,2.920706985,10.39463201,0,0,7.0.2,287,239,17,5,2166.229871,0.571445037,1624.528702,0.428554963,1,-0.259130716,-0.425928162,-0.042346961,0,2,70.29067004
3,tmrfret,6,589.021722,284.4353633,26.80253831,3.564867856,2.588509157,5.411771811,0,0,7.0.2,589,284,27,,,,,,,,,,,,
3,tmrfret,6,540.6669631,315.119829,17.41541461,2.145309003,3.409594719,7.890370251,0,0,7.0.2,541,315,17,,,,,,,,,,,,
3,tmrfret,6,535.8658547,317.1092052,16.22033616,2.564867856,3.14345855,4.039328043,0,0,7.0.2,536,317,16,,,,,,,,,,,,
3,tmrfret,7,91.4729675,350.5070486,15.82059497,5.659198476,3.12167385,60.75848511,0,0,7.0.2,91,351,16,3,788.4010255,0.180293307,3579.711526,0.819706693,2,-0.513697576,-0.51967604,-0.19359526,0,2,58.07421494
3,tmrfret,7,125.5740036,351.3035406,20.69498983,3.193262258,2.946657508,20.52269239,0,0,7.0.2,126,351,21,3,4581.045038,1,0,0,0,-0.122130996,-0.021993508,0.09313385,0,1,58.07421494
3,tmrfret,8,601.0294713,363.7825743,19.56672207,3.823220755,3.327491604,17.12901401,0,0,7.0.2,601,364,20,,,,,,,,,,,,
3,tmrfret,8,618.3556134,305.6923872,26.59643991,2.700199614,3.341229302,4.871272646,0,0,7.0.2,618,306,27,,,,,,,,,,,,
3,tmrfret,9,422.306682,387.9186765,15.97515378,2.598618765,2.430107093,19.16218482,0,0,7.0.2,422,388,16,,,,,,,,,,,,
3,tmrfret,9,407,389,19,3.100483798,2.728847396,16.06201508,0,0,7.0.2,407,389,19,,,,,,,,,,,,
3,tmrfret,9,428.587741,437.8261417,19.32723005,1.948422849,3.022758692,18.03582557,0,0,7.0.2,429,438,19,,,,,,,,,,,,
3,tmrfret,10,883.0601807,417.1766968,25,6.485479451,4.061922809,6.534924303,0,0,7.0.2,883,417,25,,,,,,,,,,,,
3,tmrfret,10,900.4153258,395.1177111,19.00572304,5.485479451,3.544728117,6.57156988,0,0,7.0.2,900,395,19,,,,,,,,,,,,
3,tmrfret,10,897.4897127,394.1162869,17.39887244,3.399432307,3.55719945,13.40969992,0,0,7.0.2,897,394,17,,,,,,,,,,,,
3,tmrfret,11,705.5592323,402.7071283,15.55202904,3.592838814,2.919604613,5.633475434,0,0,7.0.2,706,403,16,,,,,,,,,,,,
3,tmrfret,11,711.849093,419.0583772,21.69365879,2.592838814,2.827920247,11.15774738,0,0,7.0.2,712,419,22,,,,,,,,,,,,
3,tmrfret,12,616.7457275,425.0361938,22,3.965302411,1.557584541,8.535670798,0,0,7.0.2,617,425,22,,,,,,,,,,,,
3,tmrfret,12,643.463584,484.5612998,22.69001273,2.965302411,2.91889759,10.14341889,0,0,7.0.2,643,485,23,,,,,,,,,,,,
3,tmrfret,13,818.0085449,447.4742737,28,10000000,3.601374938,3.029630513,0,0,7.0.2,818,447,28,,,,,,,,,,,,
3,tmrfret,13,859.8365663,442.7564324,20.52810645,2.238091944,3.181539489,12.05865765,0,0,7.0.2,860,443,21,,,,,,,,,,,,
3,tmrfret,14,558.7951006,559.289423,19.55929174,6.46430844,3.103525953,31.76149926,0,0,7.0.2,559,559,20,,,,,,,,,,,,
3,tmrfret,14,560.0505429,569.0544799,18.61241331,2.653104032,3.212059473,9.363469601,0,0,7.0.2,560,569,19,,,,,,,,,,,,
3,tmrfret,15,284.7236938,526.9605103,17.2027848,3.965780988,3.537422233,6.996646626,0,0,7.0.2,285,527,17,4,4924.288061,0.999397202,2.961816476,0.000602798,1,0.247435983,-0.130932908,-0.051327714,0,-1,
3,tmrfret,15,284,524,15,2.965780988,3.523633589,6.749940349,0,0,7.0.2,284,524,15,4,4492.671811,0.914929201,417.7319715,0.085070799,1,0.260046602,-0.173600013,-0.18090329,0,-1,
3,tmrfret,15,281,523,16,2.685168175,3.602955369,2.928269106,0,0,7.0.2,281,523,16,4,4490.74604,0.920094183,390,0.079905817,1,0.229539719,-0.2082483,-0.122079761,0,-1,
3,tmrfret,15,226.7048528,523.8891917,19.10592013,2.84013222,3.746237104,7.343919404,0,0,7.0.2,227,524,19,4,928.6593306,0.185097568,4088.506339,0.814902432,0,-0.462026433,-0.595762039,0.060621423,0,-1,
3,tmrfret,16,749.9238281,509.0380859,21,10000000,2.226769711,5.657900639,0,0,7.0.2,750,509,21,,,,,,,,,,,,
3,tmrfret,16,765,605,17,2.444766312,3.535695457,4.390413094,0,0,7.0.2,765,605,17,,,,,,,,,,,,
3,tmrfret,17,118.7486863,519.8050109,19.27020016,3.770597924,2.577910691,10.22405698,0,0,7.0.2,119,520,19,1,2261.259169,0.544589171,1891.19998,0.455410829,2,0.656968418,0.083912436,0.011487232,0,2,20.49207896
3,tmrfret,17,114.2032872,529.2270214,24.45132931,2.094191569,2.426809724,16.71377459,0,0,7.0.2,114,529,24,1,2990.599538,0.710401194,1220.137969,0.289598806,2,0.501115173,0.127691353,0.316259534,0,1,20.49207896
3,tmrfret,18,683.5765924,503.4369383,16.78911111,2.378951684,3.58028948,4.860139799,0,0,7.0.2,684,503,17,,,,,,,,,,,,
3,tmrfret,19,908.9740823,510.365075,16.01775515,6.366648963,2.986206438,16.20362751,0,0,7.0.2,909,510,16,,,,,,,,,,,,
3,tmrfret,19,864.3716305,532.0588705,20.76950925,3.562619107,3.734316523,17.60878394,0,0,7.0.2,864,532,21,,,,,,,,,,,,
3,tmrfret,20,697.9889808,673.5329947,22.37897744,2.967973433,2.874100552,14.08662824,0,0,7.0.2,698,674,22,,,,,,,,,,,,
3,tmrfret,20,628.3891066,665.379833,26.35682765,2.188502106,3.750889526,12.03525018,0,0,7.0.2,628,665,26,,,,,,,,,,,,
3,tmrfret,21,426.8892677,670.6266381,21.95778993,6.175424215,2.731781868,48.4774084,0,0,7.0.2,427,671,22,,,,,,,,,,,,
3,tmrfret,21,475.1634888,619.2892924,20.07989144,3.571547488,2.824888567,26.25590664,0,0,7.0.2,475,619,20,,,,,,,,,,,,
3,tmrfret,22,358.7409556,725.778451,22.36637952,5.872536819,3.210475156,20.62303347,0,0,7.0.2,359,726,22,,,,,,,,,,,,
3,tmrfret,22,299.5731257,728.9494434,17.34053188,3.065890882,4.835760067,5.687590563,0,0,7.0.2,300,729,17,,,,,,,,,,,,
3,tmrfret,23,154.6837921,667.5288156,17.88809542,3.957078675,3.214303448,8.611003055,0,0,7.0.2,155,668,18,,,,,,,,,,,,
3,tmrfret,23,135.2513843,699.8043713,24.02649642,2.335002484,3.586848792,14.7680473,0,0,7.0.2,135,700,24,,,,,,,,,,,,
3,tmrfret,24,552.2463242,758.725308,19.61333785,4.509375137,2.749987852,26.39219153,0,0,7.0.2,552,759,20,,,,,,,,,,,,
3,tmrfret,24,564.9320001,706.8449713,19.52413091,2.101234105,3.442175768,5.335694016,0,0,7.0.2,565,707,20,,,,,,,,,,,,
3,tmrfret,24,562.0984385,703.5325271,18.88835514,1.976119602,3.31652418,1.801266515,0,0,7.0.2,562,704,19,,,,,,,,,,,,
3,tmrfret,25,794.706226,760.3932071,17.57720344,5.192627186,3.040790167,28.37225475,0,0,7.0.2,795,760,18,,,,,,,,,,,,
3,tmrfret,25,804.0624252,757.0271922,17.27503347,4.053230179,2.793013648,41.19355158,0,0,7.0.2,804,757,17,,,,,,,,,,,,
3,tmrfret,25,835.7813319,785.2046377,17.29892101,2.575617029,3.434342667,4.493950034,0,0,7.0.2,836,785,17,,,,,,,,,,,,
3,tmrfret,25,836,781,19,1.900060881,4.458276151,3.811721859,0,0,7.0.2,836,781,19,,,,,,,,,,,,
3,tmrfret,26,242,736,21,2.094183705,2.980322416,5.510263753,0,0,7.0.2,242,736,21,,,,,,,,,,,,
3,tmrfret,26,229.0760831,775.897173,19.94245733,2.633498235,3.038483122,7.792854536,0,0,7.0.2,229,776,20,,,,,,,,,,,,
3,tmrfret,27,728.2321167,790.7509155,25,3.495680608,8.981746962,3.283395867,0,0,7.0.2,728,791,25,,,,,,,,,,,,
3,tmrfret,27,673.7290492,831.9734455,24.30769434,2.495680608,3.452467906,6.544129267,0,0,7.0.2,674,832,24,,,,,,,,,,,,
3,tmrfret,28,382.9004394,801.9382388,19.8890653,4.484219198,2.963012182,7.857007827,0,0,7.0.2,383,802,20,,,,,,,,,,,,
3,tmrfret,28,404.7577173,830.8203112,21.06681129,2.912052475,2.982198512,15.19947501,0,0,7.0.2,405,831,21,,,,,,,,,,,,
3,tmrfret,28,394.3572583,815.6209223,17.84337575,3.37569218,3.360226963,17.95841596,0,0,7.0.2,394,816,18,,,,,,,,,,,,
3,tmrfret,29,487.8345243,856.7030396,21.09272692,10000001,3.587501293,7.575530778,0,0,7.0.2,488,857,21,,,,,,,,,,,,
3,tmrfret,29,502.1879928,838.0841357,21.83488948,10000000,2.54594554,6.201183394,0,0,7.0.2,502,838,22,,,,,,,,,,,,
3,tmrfret,30,755.7104373,903.8306086,21.44543476,3.347917727,3.016135986,15.48912875,0,0,7.0.2,756,904,21,,,,,,,,,,,,
3,tmrfret,30,803.2936258,907.8107735,19.62973883,2.296115818,2.977529498,8.1915728,0,0,7.0.2,803,908,20,,,,,,,,,,,,
3,tmrfret,30,753.3239222,908.0685821,22.12543296,1.750592445,3.343064846,1.422181034,0,0,7.0.2,753,908,22,,,,,,,,,,,,
3,tmrfret,31,581.0227282,865.6168524,18.52252336,5.015235696,2.891810026,29.8715781,0,0,7.0.2,581,866,19,,,,,,,,,,,,
3,tmrfret,31,580.6010453,856.7459652,19.3398383,2.233328188,2.551160979,7.09212903,0,0,7.0.2,581,857,19,,,,,,,,,,,,
3,tmrfret,31,581.053898,912.1023871,14.73829022,2.443544768,2.835198669,18.4430941,0,0,7.0.2,581,912,15,,,,,,,,,,,,
3,tmrfret,32,347.5594372,894.6787299,16.49284131,5.457079257,3.001164327,26.91383354,0,0,7.0.2,348,895,16,,,,,,,,,,,,
3,tmrfret,32,316.6142446,955.1493994,16.92452444,1.956566074,2.574991023,9.842479987,0,0,7.0.2,317,955,17,,,,,,,,,,,,
3,tmrfret,32,325.1527005,967.6450063,20.59919326,1.819969956,3.014946631,9.435575681,0,0,7.0.2,325,968,21,,,,,,,,,,,,